Seq_ID	ID_sample	ID	Transect	Point	Compartment	Spartina	Depth	Location	Year	N	W	Crab.burrows	Snails.density	sed_Eh	sed_pH	Fetot	FeII	Ammonium	Phosphate	Nitrate	Sulfide	Salinity	Sulfate	FeIII	Sed_13C	Sed_Total_N	Sed_15N	SOC	Sed_org13C	BG_rate	NAG_rate	PHOS_rate	Plant.height	Plant.density	Leaf_temp	Leaf_N	Leaf_15N	Leaf_C	Leaf_13C	Leaf_CN_ratio	plant_biomass	plant_biomass_area	Observed	Shannon	Simpson	Counts
Sapelo2018_Bulk_sediment_T1_P1_5-10	2	2	1	1	Bulk sediment	Tall	10-05	Sapelo	2018	31.38894	81.27755	120	0	-143.3	6.8	264.3977424	81.7732997	35.35273221	3.575041951	4.818803227	18.36957397	23.24182792	13.46405079	182.6244427	-21.0365	0.24	5.183	2.58	-21.5545	NA	NA	NA	120.8	108	NA	NA	NA	NA	NA	NA	10.46327372	1130.033562	747	6.130329197	0.996311007	33656
Sapelo2018_Bulk_sediment_T1_P1_0-5	1	1	1	1	Bulk sediment	Tall	0-5	Sapelo	2018	31.38894	81.27755	120	0	78.7	7.5	241.2984691	117.4454864	76.38308739	2.75004952	12.1809817	27.97462844	30.02428956	17.63794303	123.8529827	-20.2595	0.31	5.277	3.29	-21.0175	NA	NA	NA	120.8	108	NA	NA	NA	NA	NA	NA	10.46327372	1130.033562	844	6.238577446	0.996524763	36067
Sapelo2018_Bulk_sediment_T1_P2_5-10	4	4	1	2	Bulk sediment	Medium	10-05	Sapelo	2018	31.38913	81.2776	176	56	-373.7	6.7	8.95037821	7.466114538	101.3558194	60.71469548	0.180814881	1453.573478	37.25735309	24.71631234	1.484263672	-15.7525	0.73	2.702	15.98	-15.8155	NA	NA	NA	69.2	76	NA	NA	NA	NA	NA	NA	4.189871207	318.4302117	772	6.039312041	0.995882004	38142
Sapelo2018_Bulk_sediment_T1_P2_0-5	3	3	1	2	Bulk sediment	Medium	0-5	Sapelo	2018	31.38913	81.2776	176	56	-287	6.2	322.5745996	304.6253047	90.70252494	2.64195728	2.507089595	48.55081334	35.69596714	18.19175988	17.94929483	-16.6665	0.83	5.816	7.58	-17.3225	NA	NA	NA	69.2	76	NA	NA	NA	NA	NA	NA	4.189871207	318.4302117	839	6.213788051	0.996643947	38269
Sapelo2018_Bulk_sediment_T1_P3_5-10	6	6	1	3	Bulk sediment	Short	10-05	Sapelo	2018	31.38943	81.27757	0	252	-405	6.6	1.009235501	0.01	76.81737311	153.1461785	0.01	1598.087524	38.46487734	15.38604193	3.802098677	-18.4485	0.32	3.757	4.23	-18.7005	NA	NA	NA	45.3	100	NA	NA	NA	NA	NA	NA	1.903344785	190.3344785	723	6.116730352	0.996458036	33062
Sapelo2018_Bulk_sediment_T1_P3_0-5	5	5	1	3	Bulk sediment	Short	0-5	Sapelo	2018	31.38943	81.27757	0	252	-332.3	6.4	13.91309647	5.015171346	88.33923905	76.50899085	0.01	902.2302477	42.97929735	21.91314701	8.897925126	-19.0275	0.3	3.905	4.52	-19.4975	NA	NA	NA	45.3	100	NA	NA	NA	NA	NA	NA	1.903344785	190.3344785	604	5.891139141	0.995186941	26259
Sapelo2018_Bulk_sediment_T1_P4_5-10	26	26	1	4	Bulk sediment	Short	10-05	Sapelo	2018	31.38983	81.27757	16	256	-310.5	6.6	94.52798463	34.94518072	126.0329453	56.18935595	4.280961517	33.13672919	39.02562198	28.5604211	59.58280391	-18.2725	0.33	3.872	5.24	-18.6705	NA	NA	NA	31.9	140	NA	NA	NA	NA	NA	NA	0.905068623	126.7096073	706	5.914158989	0.992940644	36029
Sapelo2018_Bulk_sediment_T1_P4_0-5	25	25	1	4	Bulk sediment	Short	0-5	Sapelo	2018	31.38983	81.27757	16	256	-254.5	6.7	228.0862802	175.4295377	113.1034305	3.000869776	2.880255542	19.78909298	33.63424648	22.2414702	52.65674255	-20.0485	0.38	4.129	5.06	-20.5635	NA	NA	NA	31.9	140	NA	NA	NA	NA	NA	NA	0.905068623	126.7096073	738	6.017404832	0.995648532	36476
Sapelo2018_Bulk_sediment_T2_P1_5-10	8	8	2	1	Bulk sediment	Tall	10-05	Sapelo	2018	31.38866	81.27693	104	0	20	6.2	10.70739358	4.307538014	10	3.0198967	4.040463192	94.0072711	17.17442316	14.03317192	6.399855569	-20.3785	0.4	4.966	3.79	-20.6325	NA	NA	NA	100.5	72	NA	NA	NA	NA	NA	NA	7.621743597	548.7655388	860	6.264637041	0.996608036	37773
Sapelo2018_Bulk_sediment_T2_P1_0-5	7	7	2	1	Bulk sediment	Tall	0-5	Sapelo	2018	31.38866	81.27693	104	0	34.5	7.1	275.2043315	185.7137203	30.29562363	2.792659939	2.839414554	81.41558512	26.62329481	17.70779535	89.49061121	-19.9785	0.42	4.745	3.83	-20.3795	NA	NA	NA	100.5	72	NA	NA	NA	NA	NA	NA	7.621743597	548.7655388	803	6.213299582	0.996722119	36057
Sapelo2018_Bulk_sediment_T2_P2_5-10	10	10	2	2	Bulk sediment	Medium	10-05	Sapelo	2018	31.38891	81.27695	84	56	-226.5	6.6	4.391206705	8.805387371	60.55120943	54.18380176	1.819133202	759.9681138	19.2637076	13.64091803	0.01	-19.3035	0.38	4.685	4.75	-19.9595	NA	NA	NA	69.1	56	NA	NA	NA	NA	NA	NA	4.172947076	233.6850362	768	6.146591009	0.996446648	31640
Sapelo2018_Bulk_sediment_T2_P2_0-5	9	9	2	2	Bulk sediment	Medium	0-5	Sapelo	2018	31.38891	81.27695	84	56	-66	7.1	187.8323023	86.01189828	20.09434079	2.795693887	5.802660014	82.2748806	26.22147044	9.302335275	101.820404	-20.4055	0.39	4.895	4.38	-20.3505	NA	NA	NA	69.1	56	NA	NA	NA	NA	NA	NA	4.172947076	233.6850362	809	6.213898831	0.996528499	33237
Sapelo2018_Bulk_sediment_T2_P3_5-10	12	12	2	3	Bulk sediment	Short	10-05	Sapelo	2018	31.3893	81.27705	20	104	-346	6.5	2.539539213	5.23614094	93.81342875	36.63379418	3.610495912	1588.605098	32.86560739	16.67016344	0.01	-16.9275	0.34	3.25	5.6	-17.5395	NA	NA	NA	21.5	108	NA	NA	NA	NA	NA	NA	0.423993642	45.79131336	633	5.789422027	0.993951651	31045
Sapelo2018_Bulk_sediment_T2_P3_0-5	11	11	2	3	Bulk sediment	Short	0-5	Sapelo	2018	31.3893	81.27705	20	104	-143	6.5	88.98601808	62.94217992	118.9253616	10.53258511	1.177789758	237.8185674	34.77054321	25.82952275	26.04383816	-17.2145	0.38	3.324	7.08	-17.2405	NA	NA	NA	21.5	108	NA	NA	NA	NA	NA	NA	0.423993642	45.79131336	716	6.056473644	0.996062424	30866
Sapelo2018_Bulk_sediment_T3_P1_5-10	14	14	3	1	Bulk sediment	Tall	10-05	Sapelo	2018	31.38892	81.27632	52	12	36.5	6.5	151.9300547	98.42485577	106.1694569	5.259200655	4.466057774	53.50122659	27.70387392	11.17950594	53.50519897	-19.5685	0.19	4.922	1.87	-21.0375	NA	NA	NA	117.6	116	NA	NA	NA	NA	NA	NA	9.960300489	1155.394857	602	5.905630623	0.9952409	30579
Sapelo2018_Bulk_sediment_T3_P1_0-5	13	13	3	1	Bulk sediment	Tall	0-5	Sapelo	2018	31.38892	81.27632	52	12	-147	7.3	182.8571149	97.71741194	281.1005776	12.97013301	0.782804054	26.12789713	28.84244656	17.79341189	85.13970297	-20.1695	0.31	4.935	3.38	-21.6115	NA	NA	NA	117.6	116	NA	NA	NA	NA	NA	NA	9.960300489	1155.394857	726	6.063988867	0.995803894	37128
Sapelo2018_Bulk_sediment_T3_P2_5-10	16	16	3	2	Bulk sediment	Medium	10-05	Sapelo	2018	31.38914	81.27642	92	0	119	5.5	369.1638459	357.151445	152.6567972	7.031339032	3.795592169	52.11802873	29.23572925	29.12585127	12.01240094	-20.0475	0.36	4.363	4.33	-20.4565	NA	NA	NA	73.9	64	NA	NA	NA	NA	NA	NA	4.757336364	304.4695273	732	6.028063178	0.995245869	38132
Sapelo2018_Bulk_sediment_T3_P2_0-5	15	15	3	2	Bulk sediment	Medium	0-5	Sapelo	2018	31.38914	81.27642	92	0	89.5	7	26.71588183	11.6289088	130.8293781	2.78652175	22.07202193	43.98749328	29.97823753	15.29337692	15.08697303	-19.9415	0.37	4.661	4.72	-20.3825	NA	NA	NA	73.9	64	NA	NA	NA	NA	NA	NA	4.757336364	304.4695273	795	6.159181112	0.996202162	36938
Sapelo2018_Bulk_sediment_T3_P3_5-10	18	18	3	3	Bulk sediment	Short	10-05	Sapelo	2018	31.38957	81.27657	16	84	-340.5	6.7	7.155577559	0.01	266.3979467	98.88905555	0.571471616	1609.289622	33.63798347	15.0943639	9.594624069	-17.5585	0.36	2.94	6.23	-17.9575	NA	NA	NA	16.5	108	NA	NA	NA	NA	NA	NA	0.280279257	30.27015976	665	5.941997286	0.995048549	31552
Sapelo2018_Bulk_sediment_T3_P3_0-5	17	17	3	3	Bulk sediment	Short	0-5	Sapelo	2018	31.38957	81.27657	16	84	-362	6.5	46.72942049	32.99947332	221.1274406	45.958267	5.525737124	836.9888974	37.4061582	26.5605633	13.72994717	-17.1655	0.38	3.493	7.36	-17.5815	NA	NA	NA	16.5	108	NA	NA	NA	NA	NA	NA	0.280279257	30.27015976	778	6.191627505	0.996737909	32493
Sapelo2018_Bulk_sediment_T4_P1_5-10	20	20	4	1	Bulk sediment	Tall	10-05	Sapelo	2018	31.38904	81.27569	180	4	-29	6	40.34994327	15.34351001	95.46454863	3.083882805	2.01734755	60.83972549	20.44664642	14.59373829	25.00643326	-19.7025	0.41	5.033	3.72	-20.3415	NA	NA	NA	84.4	124	NA	NA	NA	NA	NA	NA	5.545909194	687.69274	897	6.34584868	0.996823923	35994
Sapelo2018_Bulk_sediment_T4_P1_0-5	19	19	4	1	Bulk sediment	Tall	0-5	Sapelo	2018	31.38904	81.27569	180	4	18	7.1	226.3857538	114.9820354	190.3505034	2.880879953	5.476150742	52.221895	22.46032011	14.25840112	111.4037184	-19.9555	0.4	5.058	3.69	-20.2825	NA	NA	NA	84.4	124	NA	NA	NA	NA	NA	NA	5.545909194	687.69274	777	6.255649248	0.997046852	27842
Sapelo2018_Bulk_sediment_T4_P2_5-10	22	22	4	2	Bulk sediment	Medium	10-05	Sapelo	2018	31.38957	81.27559	12	20	-385.5	6.8	9.750292521	10.0813636	131.7156755	67.6326093	0.01	1601.801865	29.66677517	8.56643093	0.01	-17.4285	0.39	2.94	6.11	-17.7945	NA	NA	NA	60.4	36	NA	NA	NA	NA	NA	NA	3.198621021	115.1503568	878	6.232880693	0.996240891	39018
Sapelo2018_Bulk_sediment_T4_P2_0-5	21	21	4	2	Bulk sediment	Medium	0-5	Sapelo	2018	31.38957	81.27559	12	20	-295.5	6.8	14.35386173	7.061887999	166.7504896	60.62796813	4.562257104	996.0749394	35.49650198	10.26512458	7.291973727	-17.2675	0.41	2.729	7.01	-17.6715	NA	NA	NA	60.4	36	NA	NA	NA	NA	NA	NA	3.198621021	115.1503568	865	6.216446794	0.996258695	39060
Sapelo2018_Bulk_sediment_T4_P3_5-10	24	24	4	3	Bulk sediment	Short	10-05	Sapelo	2018	31.39001	81.2758	36	304	-347.5	6.6	6.633007181	7.27016037	173.8930038	123.0917723	0.01	232.5216587	46.08613789	30.12034146	0.01	-20.2495	0.12	3.304	1.48	-21.0035	NA	NA	NA	20.25	80	NA	NA	NA	NA	NA	NA	0.375401137	30.03209097	841	6.226665575	0.996435489	33805
Sapelo2018_Bulk_sediment_T4_P3_0-5	23	23	4	3	Bulk sediment	Short	0-5	Sapelo	2018	31.39001	81.2758	36	304	-271.5	6.5	42.02515352	25.02751196	136.9291895	80.89179806	0.530630628	251.4436301	43.63251132	33.48393519	16.99764157	-19.9705	0.09	3.134	0.7	-21.2965	NA	NA	NA	20.25	80	NA	NA	NA	NA	NA	NA	0.375401137	30.03209097	845	6.173406477	0.996276597	39021
Sapelo2018_Endosphere_T1_P1_5-10	27	2	1	1	Root	Tall	10-05	Sapelo	2018	31.38894	81.27755	120	0	78.7	7.5	241.2984691	117.4454864	76.38308739	2.75004952	12.1809817	27.97462844	30.02428956	17.63794303	123.8529827	-20.2595	0.31	5.277	3.29	-21.0175	NA	NA	NA	120.8	108	NA	NA	NA	NA	NA	NA	10.46327372	1130.033562	732	5.409160096	0.987770924	60070
Sapelo2018_Endosphere_T1_P1_0-5	28	1	1	1	Root	Tall	0-5	Sapelo	2018	31.38894	81.27755	120	0	-143.3	6.8	264.3977424	81.7732997	35.35273221	3.575041951	4.818803227	18.36957397	23.24182792	13.46405079	182.6244427	-21.0365	0.24	5.183	2.58	-21.5545	NA	NA	NA	120.8	108	NA	NA	NA	NA	NA	NA	10.46327372	1130.033562	802	5.459682777	0.986033447	53130
Sapelo2018_Endosphere_T1_P2_5-10	29	4	1	2	Root	Medium	10-05	Sapelo	2018	31.38913	81.2776	176	56	-287	6.2	322.5745996	304.6253047	90.70252494	2.64195728	2.507089595	48.55081334	35.69596714	18.19175988	17.94929483	-16.6665	0.83	5.816	7.58	-17.3225	NA	NA	NA	69.2	76	NA	NA	NA	NA	NA	NA	4.189871207	318.4302117	700	5.578475652	0.991250321	58347
Sapelo2018_Endosphere_T1_P2_0-5	30	3	1	2	Root	Medium	0-5	Sapelo	2018	31.38913	81.2776	176	56	-373.7	6.7	8.95037821	7.466114538	101.3558194	60.71469548	0.180814881	1453.573478	37.25735309	24.71631234	1.484263672	-15.7525	0.73	2.702	15.98	-15.8155	NA	NA	NA	69.2	76	NA	NA	NA	NA	NA	NA	4.189871207	318.4302117	723	5.287815073	0.979852208	58108
Sapelo2018_Endosphere_T1_P3_5-10	31	6	1	3	Root	Short	10-05	Sapelo	2018	31.38943	81.27757	0	252	-332.3	6.4	13.91309647	5.015171346	88.33923905	76.50899085	0.01	902.2302477	42.97929735	21.91314701	8.897925126	-19.0275	0.3	3.905	4.52	-19.4975	NA	NA	NA	45.3	100	NA	NA	NA	NA	NA	NA	1.903344785	190.3344785	464	3.865300147	0.901534407	56667
Sapelo2018_Endosphere_T1_P3_0-5	32	5	1	3	Root	Short	0-5	Sapelo	2018	31.38943	81.27757	0	252	-405	6.6	1.009235501	0.01	76.81737311	153.1461785	0.01	1598.087524	38.46487734	15.38604193	3.802098677	-18.4485	0.32	3.757	4.23	-18.7005	NA	NA	NA	45.3	100	NA	NA	NA	NA	NA	NA	1.903344785	190.3344785	624	3.822311436	0.826112394	62392
Sapelo2018_Endosphere_T1_P4_5-10	33	26	1	4	Root	Short	10-05	Sapelo	2018	31.38983	81.27757	16	256	-254.5	6.7	228.0862802	175.4295377	113.1034305	3.000869776	2.880255542	19.78909298	33.63424648	22.2414702	52.65674255	-20.0485	0.38	4.129	5.06	-20.5635	NA	NA	NA	31.9	140	NA	NA	NA	NA	NA	NA	0.905068623	126.7096073	696	5.389343285	0.985854239	63300
Sapelo2018_Endosphere_T1_P4_0-5	34	25	1	4	Root	Short	0-5	Sapelo	2018	31.38983	81.27757	16	256	-310.5	6.6	94.52798463	34.94518072	126.0329453	56.18935595	4.280961517	33.13672919	39.02562198	28.5604211	59.58280391	-18.2725	0.33	3.872	5.24	-18.6705	NA	NA	NA	31.9	140	NA	NA	NA	NA	NA	NA	0.905068623	126.7096073	803	5.802722636	0.992653319	51552
Sapelo2018_Endosphere_T2_P1_5-10	35	8	2	1	Root	Tall	10-05	Sapelo	2018	31.38866	81.27693	104	0	34.5	7.1	275.2043315	185.7137203	30.29562363	2.792659939	2.839414554	81.41558512	26.62329481	17.70779535	89.49061121	-19.9785	0.42	4.745	3.83	-20.3795	NA	NA	NA	100.5	72	NA	NA	NA	NA	NA	NA	7.621743597	548.7655388	607	4.300698149	0.927965241	56754
Sapelo2018_Endosphere_T2_P1_0-5	36	7	2	1	Root	Tall	0-5	Sapelo	2018	31.38866	81.27693	104	0	20	6.2	10.70739358	4.307538014	10	3.0198967	4.040463192	94.0072711	17.17442316	14.03317192	6.399855569	-20.3785	0.4	4.966	3.79	-20.6325	NA	NA	NA	100.5	72	NA	NA	NA	NA	NA	NA	7.621743597	548.7655388	658	5.306863201	0.985262136	49910
Sapelo2018_Endosphere_T2_P2_5-10	37	10	2	2	Root	Medium	10-05	Sapelo	2018	31.38891	81.27695	84	56	-66	7.1	187.8323023	86.01189828	20.09434079	2.795693887	5.802660014	82.2748806	26.22147044	9.302335275	101.820404	-20.4055	0.39	4.895	4.38	-20.3505	NA	NA	NA	69.1	56	NA	NA	NA	NA	NA	NA	4.172947076	233.6850362	712	5.398414073	0.98671166	60087
Sapelo2018_Endosphere_T2_P2_0-5	38	9	2	2	Root	Medium	0-5	Sapelo	2018	31.38891	81.27695	84	56	-226.5	6.6	4.391206705	8.805387371	60.55120943	54.18380176	1.819133202	759.9681138	19.2637076	13.64091803	0.01	-19.3035	0.38	4.685	4.75	-19.9595	NA	NA	NA	69.1	56	NA	NA	NA	NA	NA	NA	4.172947076	233.6850362	724	5.51778525	0.985685227	55768
Sapelo2018_Endosphere_T2_P3_5-10	39	12	2	3	Root	Short	10-05	Sapelo	2018	31.3893	81.27705	20	104	-143	6.5	88.98601808	62.94217992	118.9253616	10.53258511	1.177789758	237.8185674	34.77054321	25.82952275	26.04383816	-17.2145	0.38	3.324	7.08	-17.2405	NA	NA	NA	21.5	108	NA	NA	NA	NA	NA	NA	0.423993642	45.79131336	634	5.162695646	0.97861242	62282
Sapelo2018_Endosphere_T2_P3_0-5	40	11	2	3	Root	Short	0-5	Sapelo	2018	31.3893	81.27705	20	104	-346	6.5	2.539539213	5.23614094	93.81342875	36.63379418	3.610495912	1588.605098	32.86560739	16.67016344	0.01	-16.9275	0.34	3.25	5.6	-17.5395	NA	NA	NA	21.5	108	NA	NA	NA	NA	NA	NA	0.423993642	45.79131336	591	4.86646915	0.975810918	60603
Sapelo2018_Endosphere_T4_P1_5-10	41	20	4	1	Root	Tall	10-05	Sapelo	2018	31.38904	81.27569	180	4	18	7.1	226.3857538	114.9820354	190.3505034	2.880879953	5.476150742	52.221895	22.46032011	14.25840112	111.4037184	-19.9555	0.4	5.058	3.69	-20.2825	NA	NA	NA	84.4	124	NA	NA	NA	NA	NA	NA	5.545909194	687.69274	548	4.558315906	0.96559129	64767
Sapelo2018_Endosphere_T4_P1_0-5	42	19	4	1	Root	Tall	0-5	Sapelo	2018	31.38904	81.27569	180	4	-29	6	40.34994327	15.34351001	95.46454863	3.083882805	2.01734755	60.83972549	20.44664642	14.59373829	25.00643326	-19.7025	0.41	5.033	3.72	-20.3415	NA	NA	NA	84.4	124	NA	NA	NA	NA	NA	NA	5.545909194	687.69274	673	4.856908567	0.96482634	59580
Sapelo2018_Endosphere_T4_P2_5-10	43	22	4	2	Root	Medium	10-05	Sapelo	2018	31.38957	81.27559	12	20	-295.5	6.8	14.35386173	7.061887999	166.7504896	60.62796813	4.562257104	996.0749394	35.49650198	10.26512458	7.291973727	-17.2675	0.41	2.729	7.01	-17.6715	NA	NA	NA	60.4	36	NA	NA	NA	NA	NA	NA	3.198621021	115.1503568	516	4.567708115	0.969611573	66993
Sapelo2018_Endosphere_T4_P2_0-5	44	21	4	2	Root	Medium	0-5	Sapelo	2018	31.38957	81.27559	12	20	-385.5	6.8	9.750292521	10.0813636	131.7156755	67.6326093	0.01	1601.801865	29.66677517	8.56643093	0.01	-17.4285	0.39	2.94	6.11	-17.7945	NA	NA	NA	60.4	36	NA	NA	NA	NA	NA	NA	3.198621021	115.1503568	809	5.537062443	0.987896146	59443
Sapelo2018_Endosphere_T4_P3_5-10	45	24	4	3	Root	Short	10-05	Sapelo	2018	31.39001	81.2758	36	304	-271.5	6.5	42.02515352	25.02751196	136.9291895	80.89179806	0.530630628	251.4436301	43.63251132	33.48393519	16.99764157	-19.9705	0.09	3.134	0.7	-21.2965	NA	NA	NA	20.25	80	NA	NA	NA	NA	NA	NA	0.375401137	30.03209097	661	5.080385321	0.981520792	58590
Sapelo2018_Endosphere_T4_P3_0-5	46	23	4	3	Root	Short	0-5	Sapelo	2018	31.39001	81.2758	36	304	-347.5	6.6	6.633007181	7.27016037	173.8930038	123.0917723	0.01	232.5216587	46.08613789	30.12034146	0.01	-20.2495	0.12	3.304	1.48	-21.0035	NA	NA	NA	20.25	80	NA	NA	NA	NA	NA	NA	0.375401137	30.03209097	951	5.987484794	0.994292869	55665
Sapelo2018_Rhizosphere_T1_P1_5-10	47	2	1	1	Rhizosphere	Tall	10-05	Sapelo	2018	31.38894	81.27755	120	0	78.7	7.5	241.2984691	117.4454864	76.38308739	2.75004952	12.1809817	27.97462844	30.02428956	17.63794303	123.8529827	-20.2595	0.31	5.277	3.29	-21.0175	NA	NA	NA	120.8	108	NA	NA	NA	NA	NA	NA	10.46327372	1130.033562	1051	6.398404194	0.996505486	42787
Sapelo2018_Rhizosphere_T1_P1_0-5	48	1	1	1	Rhizosphere	Tall	0-5	Sapelo	2018	31.38894	81.27755	120	0	-143.3	6.8	264.3977424	81.7732997	35.35273221	3.575041951	4.818803227	18.36957397	23.24182792	13.46405079	182.6244427	-21.0365	0.24	5.183	2.58	-21.5545	NA	NA	NA	120.8	108	NA	NA	NA	NA	NA	NA	10.46327372	1130.033562	986	6.380871981	0.99692284	41126
Sapelo2018_Rhizosphere_T1_P2_5-10	49	4	1	2	Rhizosphere	Medium	10-05	Sapelo	2018	31.38913	81.2776	176	56	-287	6.2	322.5745996	304.6253047	90.70252494	2.64195728	2.507089595	48.55081334	35.69596714	18.19175988	17.94929483	-16.6665	0.83	5.816	7.58	-17.3225	NA	NA	NA	69.2	76	NA	NA	NA	NA	NA	NA	4.189871207	318.4302117	791	5.754580277	0.99246674	52416
Sapelo2018_Rhizosphere_T1_P2_0-5	50	3	1	2	Rhizosphere	Medium	0-5	Sapelo	2018	31.38913	81.2776	176	56	-373.7	6.7	8.95037821	7.466114538	101.3558194	60.71469548	0.180814881	1453.573478	37.25735309	24.71631234	1.484263672	-15.7525	0.73	2.702	15.98	-15.8155	NA	NA	NA	69.2	76	NA	NA	NA	NA	NA	NA	4.189871207	318.4302117	1076	6.370458174	0.997040115	49498
Sapelo2018_Rhizosphere_T1_P3_5-10	51	6	1	3	Rhizosphere	Short	10-05	Sapelo	2018	31.38943	81.27757	0	252	-332.3	6.4	13.91309647	5.015171346	88.33923905	76.50899085	0.01	902.2302477	42.97929735	21.91314701	8.897925126	-19.0275	0.3	3.905	4.52	-19.4975	NA	NA	NA	45.3	100	NA	NA	NA	NA	NA	NA	1.903344785	190.3344785	928	5.977944556	0.99486671	53984
Sapelo2018_Rhizosphere_T1_P3_0-5	52	5	1	3	Rhizosphere	Short	0-5	Sapelo	2018	31.38943	81.27757	0	252	-405	6.6	1.009235501	0.01	76.81737311	153.1461785	0.01	1598.087524	38.46487734	15.38604193	3.802098677	-18.4485	0.32	3.757	4.23	-18.7005	NA	NA	NA	45.3	100	NA	NA	NA	NA	NA	NA	1.903344785	190.3344785	1092	6.312455637	0.996354821	49297
Sapelo2018_Rhizosphere_T1_P4_5-10	53	26	1	4	Rhizosphere	Short	10-05	Sapelo	2018	31.38983	81.27757	16	256	-254.5	6.7	228.0862802	175.4295377	113.1034305	3.000869776	2.880255542	19.78909298	33.63424648	22.2414702	52.65674255	-20.0485	0.38	4.129	5.06	-20.5635	NA	NA	NA	31.9	140	NA	NA	NA	NA	NA	NA	0.905068623	126.7096073	714	5.382709082	0.984081025	50901
Sapelo2018_Rhizosphere_T1_P4_0-5	54	25	1	4	Rhizosphere	Short	0-5	Sapelo	2018	31.38983	81.27757	16	256	-310.5	6.6	94.52798463	34.94518072	126.0329453	56.18935595	4.280961517	33.13672919	39.02562198	28.5604211	59.58280391	-18.2725	0.33	3.872	5.24	-18.6705	NA	NA	NA	31.9	140	NA	NA	NA	NA	NA	NA	0.905068623	126.7096073	1070	6.302568248	0.995862393	49238
Sapelo2018_Rhizosphere_T2_P1_5-10	55	8	2	1	Rhizosphere	Tall	10-05	Sapelo	2018	31.38866	81.27693	104	0	34.5	7.1	275.2043315	185.7137203	30.29562363	2.792659939	2.839414554	81.41558512	26.62329481	17.70779535	89.49061121	-19.9785	0.42	4.745	3.83	-20.3795	NA	NA	NA	100.5	72	NA	NA	NA	NA	NA	NA	7.621743597	548.7655388	1029	6.28444648	0.995914982	48555
Sapelo2018_Rhizosphere_T2_P1_0-5	56	7	2	1	Rhizosphere	Tall	0-5	Sapelo	2018	31.38866	81.27693	104	0	20	6.2	10.70739358	4.307538014	10	3.0198967	4.040463192	94.0072711	17.17442316	14.03317192	6.399855569	-20.3785	0.4	4.966	3.79	-20.6325	NA	NA	NA	100.5	72	NA	NA	NA	NA	NA	NA	7.621743597	548.7655388	1027	6.440324626	0.997176132	43907
Sapelo2018_Rhizosphere_T2_P2_5-10	57	10	2	2	Rhizosphere	Medium	10-05	Sapelo	2018	31.38891	81.27695	84	56	-66	7.1	187.8323023	86.01189828	20.09434079	2.795693887	5.802660014	82.2748806	26.22147044	9.302335275	101.820404	-20.4055	0.39	4.895	4.38	-20.3505	NA	NA	NA	69.1	56	NA	NA	NA	NA	NA	NA	4.172947076	233.6850362	856	5.913558804	0.994277025	51968
Sapelo2018_Rhizosphere_T2_P2_0-5	58	9	2	2	Rhizosphere	Medium	0-5	Sapelo	2018	31.38891	81.27695	84	56	-226.5	6.6	4.391206705	8.805387371	60.55120943	54.18380176	1.819133202	759.9681138	19.2637076	13.64091803	0.01	-19.3035	0.38	4.685	4.75	-19.9595	NA	NA	NA	69.1	56	NA	NA	NA	NA	NA	NA	4.172947076	233.6850362	1060	6.20716515	0.994723958	53392
Sapelo2018_Rhizosphere_T2_P3_5-10	59	12	2	3	Rhizosphere	Short	10-05	Sapelo	2018	31.3893	81.27705	20	104	-143	6.5	88.98601808	62.94217992	118.9253616	10.53258511	1.177789758	237.8185674	34.77054321	25.82952275	26.04383816	-17.2145	0.38	3.324	7.08	-17.2405	NA	NA	NA	21.5	108	NA	NA	NA	NA	NA	NA	0.423993642	45.79131336	839	5.699587666	0.992057986	65049
Sapelo2018_Rhizosphere_T2_P3_0-5	60	11	2	3	Rhizosphere	Short	0-5	Sapelo	2018	31.3893	81.27705	20	104	-346	6.5	2.539539213	5.23614094	93.81342875	36.63379418	3.610495912	1588.605098	32.86560739	16.67016344	0.01	-16.9275	0.34	3.25	5.6	-17.5395	NA	NA	NA	21.5	108	NA	NA	NA	NA	NA	NA	0.423993642	45.79131336	1035	6.183122316	0.99510439	57159
Sapelo2018_Rhizosphere_T4_P1_5-10	61	20	4	1	Rhizosphere	Tall	10-05	Sapelo	2018	31.38904	81.27569	180	4	18	7.1	226.3857538	114.9820354	190.3505034	2.880879953	5.476150742	52.221895	22.46032011	14.25840112	111.4037184	-19.9555	0.4	5.058	3.69	-20.2825	NA	NA	NA	84.4	124	NA	NA	NA	NA	NA	NA	5.545909194	687.69274	936	6.199142021	0.995919846	47829
Sapelo2018_Rhizosphere_T4_P1_0-5	62	19	4	1	Rhizosphere	Tall	0-5	Sapelo	2018	31.38904	81.27569	180	4	-29	6	40.34994327	15.34351001	95.46454863	3.083882805	2.01734755	60.83972549	20.44664642	14.59373829	25.00643326	-19.7025	0.41	5.033	3.72	-20.3415	NA	NA	NA	84.4	124	NA	NA	NA	NA	NA	NA	5.545909194	687.69274	1139	6.482398949	0.997220859	50002
Sapelo2018_Rhizosphere_T4_P2_5-10	63	22	4	2	Rhizosphere	Medium	10-05	Sapelo	2018	31.38957	81.27559	12	20	-295.5	6.8	14.35386173	7.061887999	166.7504896	60.62796813	4.562257104	996.0749394	35.49650198	10.26512458	7.291973727	-17.2675	0.41	2.729	7.01	-17.6715	NA	NA	NA	60.4	36	NA	NA	NA	NA	NA	NA	3.198621021	115.1503568	806	5.504478164	0.985861324	54359
Sapelo2018_Rhizosphere_T4_P2_0-5	64	21	4	2	Rhizosphere	Medium	0-5	Sapelo	2018	31.38957	81.27559	12	20	-385.5	6.8	9.750292521	10.0813636	131.7156755	67.6326093	0.01	1601.801865	29.66677517	8.56643093	0.01	-17.4285	0.39	2.94	6.11	-17.7945	NA	NA	NA	60.4	36	NA	NA	NA	NA	NA	NA	3.198621021	115.1503568	1030	6.135587119	0.993980195	50327
Sapelo2018_Rhizosphere_T4_P3_5-10	65	24	4	3	Rhizosphere	Short	10-05	Sapelo	2018	31.39001	81.2758	36	304	-271.5	6.5	42.02515352	25.02751196	136.9291895	80.89179806	0.530630628	251.4436301	43.63251132	33.48393519	16.99764157	-19.9705	0.09	3.134	0.7	-21.2965	NA	NA	NA	20.25	80	NA	NA	NA	NA	NA	NA	0.375401137	30.03209097	1093	6.189179277	0.995063149	55917
Sapelo2018_Rhizosphere_T4_P3_0-5	66	23	4	3	Rhizosphere	Short	0-5	Sapelo	2018	31.39001	81.2758	36	304	-347.5	6.6	6.633007181	7.27016037	173.8930038	123.0917723	0.01	232.5216587	46.08613789	30.12034146	0.01	-20.2495	0.12	3.304	1.48	-21.0035	NA	NA	NA	20.25	80	NA	NA	NA	NA	NA	NA	0.375401137	30.03209097	1089	6.381403305	0.996439855	48691
Sapelo2019_Bulk_sediment_T1_P1_5-10	67	2	1	1	Bulk sediment	Tall	10-05	Sapelo	2019	31.38894	81.27755	240	12	-140.7	6.6	571.6383088	541.6769414	98.12697785	0.01	2.339735018	34.99041897	44.03292696	24.76011731	29.96136735	-21.0365	0.24	5.183	2.58	-21.5545	18.7358	5.8521	71.6254	95.4	68	24.15	1.535	7.35	45.845	-13.6	30.48801488	6.948133809	472.4730992	1109	6.406385912	0.996352799	43864
Sapelo2019_Bulk_sediment_T1_P1_0-5	68	1	1	1	Bulk sediment	Tall	0-5	Sapelo	2019	31.38894	81.27755	240	12	-114	6.7	355.8911947	323.4693535	107.8942396	0.01	2.760727683	1.808346472	42.24436642	24.74843552	32.42184114	-20.2595	0.31	5.277	3.29	-21.0175	18.7358	5.8521	71.6254	95.4	68	24.15	1.535	7.35	45.845	-13.6	30.48801488	6.948133809	472.4730992	1214	6.569645028	0.997529616	50262
Sapelo2019_Bulk_sediment_T1_P2_5-10	69	4	1	2	Bulk sediment	Medium	10-05	Sapelo	2019	31.38913	81.2776	60	36	-385	6.6	21.27400925	26.6654213	244.0715326	56.46862936	0.01	1588.534066	37.14546908	9.32978915	0.01	-15.7525	0.73	2.702	15.98	-15.8155	18.2165	6.1389	68.9428	59.9	100	26.3	1.285	6.645	44.39	-13.77	34.92700174	3.334676557	333.4676557	1015	6.187728014	0.995709948	52131
Sapelo2019_Bulk_sediment_T1_P2_0-5	70	3	1	2	Bulk sediment	Medium	0-5	Sapelo	2019	31.38913	81.2776	60	36	-289	7.4	24.56628178	17.16644433	181.4172339	70.21938371	1.029806167	510.4470744	45.98808259	20.9847806	7.399837448	-16.6665	0.83	5.816	7.58	-17.3225	18.2165	6.1389	68.9428	59.9	100	26.3	1.285	6.645	44.39	-13.77	34.92700174	3.334676557	333.4676557	1057	6.31378034	0.996652475	49772
Sapelo2019_Bulk_sediment_T1_P3_5-10	71	6	1	3	Bulk sediment	Short	10-05	Sapelo	2019	31.38943	81.27757	8	60	-397.5	7.1	0.232621687	1.043855496	98.50019102	140.6686395	0.01	1284.990335	41.15723686	9.307005393	0.01	-18.4485	0.32	3.757	4.23	-18.7005	NA	NA	NA	45	172	26.05	1.56	5.69	45.005	-13.795	28.92605921	2.021893621	347.7657028	994	6.137671538	0.995538438	51806
Sapelo2019_Bulk_sediment_T1_P3_0-5	72	5	1	3	Bulk sediment	Short	0-5	Sapelo	2019	31.38943	81.27757	8	60	-377	6.6	2.710937542	0.621998055	94.6133124	163.162241	0.01	1440.14984	47.58159378	12.56685412	2.088939487	-19.0275	0.3	3.905	4.52	-19.4975	NA	NA	NA	45	172	26.05	1.56	5.69	45.005	-13.795	28.92605921	2.021893621	347.7657028	1076	6.309663443	0.996276196	50016
Sapelo2019_Bulk_sediment_T1_P4_5-10	73	26	1	4	Bulk sediment	Short	10-05	Sapelo	2019	31.38983	81.27757	0	204	-326	6.7	41.09243702	33.25209055	80.43121197	155.3429722	0.01	105.4421294	41.16027798	22.89419698	7.840346472	-18.2725	0.33	3.872	5.24	-18.6705	13.8539	2.532	76.8323	21	264	27.525	1.54	6.105	45.545	-13.465	29.65746805	0.437036236	115.3775663	1107	6.08156579	0.987665792	54227
Sapelo2019_Bulk_sediment_T1_P4_0-5	74	25	1	4	Bulk sediment	Short	0-5	Sapelo	2019	31.38983	81.27757	0	204	-276.5	6.5	698.0729128	703.5470725	117.5522682	0.01	0.439399167	91.006864	33.28671187	28.07935439	0.01	-20.0485	0.38	4.129	5.06	-20.5635	13.8539	2.532	76.8323	21	264	27.525	1.54	6.105	45.545	-13.465	29.65746805	0.437036236	115.3775663	1045	6.32140165	0.996440357	48815
Sapelo2019_Bulk_sediment_T3_P1_5-10	75	14	3	1	Bulk sediment	Tall	10-05	Sapelo	2019	31.38892	81.27632	240	0	-109.5	6	83.61661153	38.20988304	102.3415558	0.01	0.345497458	10.15145954	24.58458637	15.26054278	45.40672849	-19.5685	0.19	4.922	1.87	-21.0375	16.1312	7.6942	52.4393	66.1	72	29.275	1.095	7.25	45.535	-13.565	43.56925866	3.729582183	268.5299172	987	6.385529075	0.996726502	41033
Sapelo2019_Bulk_sediment_T3_P1_0-5	76	13	3	1	Bulk sediment	Tall	0-5	Sapelo	2019	31.38892	81.27632	240	0	-48.5	6.6	31.55578042	11.06780752	85.70171014	0.01	0.209339979	42.65040465	26.30724662	14.49134702	20.48797289	-20.1695	0.31	4.935	3.38	-21.6115	16.1312	7.6942	52.4393	66.1	72	29.275	1.095	7.25	45.535	-13.565	43.56925866	3.729582183	268.5299172	1177	6.616239124	0.99763876	46089
Sapelo2019_Bulk_sediment_T3_P2_5-10	77	16	3	2	Bulk sediment	Medium	10-05	Sapelo	2019	31.38914	81.27642	220	16	-63	6	301.1779177	247.3184744	71.26473242	0.01	1.145618276	0.01	22.61210141	13.06614388	53.85944327	-20.0475	0.36	4.363	4.33	-20.4565	15.693	5.5433	39.2885	59	76	30.175	1.23	7.215	45.7	-13.61	37.19359077	3.079225218	234.0211166	1102	6.51232267	0.997179423	45827
Sapelo2019_Bulk_sediment_T3_P2_0-5	78	15	3	2	Bulk sediment	Medium	0-5	Sapelo	2019	31.38914	81.27642	220	16	-68	6.9	137.1474241	122.1291688	55.48964894	0.01	0.01	36.09910111	23.55404819	13.60722342	15.01825529	-19.9415	0.37	4.661	4.72	-20.3825	15.693	5.5433	39.2885	59	76	30.175	1.23	7.215	45.7	-13.61	37.19359077	3.079225218	234.0211166	1103	6.470777291	0.997076648	46042
Sapelo2019_Bulk_sediment_T3_P3_5-10	79	18	3	3	Bulk sediment	Short	10-05	Sapelo	2019	31.38957	81.27657	12	116	-388.5	6.6	15.13896264	0.178833781	410.3880647	129.4015254	0.01	1423.015661	27.63239064	8.947182106	14.96012886	-17.5585	0.36	2.94	6.23	-17.9575	6.2892	1.4234	25.229	32	204	34.75	1.235	5.205	45.615	-13.835	36.9620149	1.146368929	233.8592615	924	5.974440993	0.993984612	51983
Sapelo2019_Bulk_sediment_T3_P3_0-5	80	17	3	3	Bulk sediment	Short	0-5	Sapelo	2019	31.38957	81.27657	12	116	-371	6.9	14.63682021	0.01	242.4694468	98.31674941	0.01	653.9822155	28.43964257	15.9448938	16.425989	-17.1655	0.38	3.493	7.36	-17.5815	6.2892	1.4234	25.229	32	204	34.75	1.235	5.205	45.615	-13.835	36.9620149	1.146368929	233.8592615	1081	6.192939013	0.994505664	51506
Sapelo2019_Bulk_sediment_T4_P1_5-10	81	20	4	1	Bulk sediment	Tall	10-05	Sapelo	2019	31.38904	81.27569	220	4	42	6.4	14.26426293	1.678576782	61.21528513	0.01	2.576445578	18.76334403	25.43039518	13.62501645	12.58568615	-19.7025	0.41	5.033	3.72	-20.3415	18.8298	10.1706	62.2038	82.5	80	28.275	1.42	7.695	45.695	-13.48	32.16453539	5.375219361	430.0175488	1057	6.493271637	0.997253821	43069
Sapelo2019_Bulk_sediment_T4_P1_0-5	82	19	4	1	Bulk sediment	Tall	0-5	Sapelo	2019	31.38904	81.27569	220	4	86	6.9	48.53548366	6.245473846	53.04100644	0.01	1.262212899	13.55589762	29.29156467	18.84981155	42.29000981	-19.9555	0.4	5.058	3.69	-20.2825	18.8298	10.1706	62.2038	82.5	80	28.275	1.42	7.695	45.695	-13.48	32.16453539	5.375219361	430.0175488	1112	6.536297902	0.99725765	43257
Sapelo2019_Bulk_sediment_T4_P2_5-10	83	22	4	2	Bulk sediment	Medium	10-05	Sapelo	2019	31.38957	81.27559	36	0	-395.5	6.5	9.141600253	9.395858769	161.8736077	72.51343314	0.01	568.5688956	25.69149088	8.498591927	0.01	-17.4285	0.39	2.94	6.11	-17.7945	4.8474	1.2989	21.9002	53.8	96	28.2	1.02	5.705	45.885	-14.105	44.87617008	2.776292111	266.5240426	1100	6.4986083	0.997495178	46025
Sapelo2019_Bulk_sediment_T4_P2_0-5	84	21	4	2	Bulk sediment	Medium	0-5	Sapelo	2019	31.38957	81.27559	36	0	-297.5	6.6	25.07247374	6.330619384	65.65743212	0.01	0.29346026	46.03244512	29.01855311	16.66794341	18.74185436	-17.2675	0.41	2.729	7.01	-17.6715	4.8474	1.2989	21.9002	53.8	96	28.2	1.02	5.705	45.885	-14.105	44.87617008	2.776292111	266.5240426	1023	6.3665234	0.997068934	51485
Sapelo2019_Bulk_sediment_T4_P3_5-10	85	24	4	3	Bulk sediment	Short	10-05	Sapelo	2019	31.39001	81.2758	0	180	-361	6.3	3.83670847	2.251374041	107.7303899	85.28373189	0.01	424.8321759	26.77692098	12.41836188	1.585334429	-20.2495	0.12	3.304	1.48	-21.0035	5.9198	2.2415	11.2189	31.7	136	29.05	1.36	4.635	45.285	-14.25	33.51790732	1.008474204	137.1524917	936	6.074782756	0.994244514	50752
Sapelo2019_Bulk_sediment_T4_P3_0-5	86	23	4	3	Bulk sediment	Short	0-5	Sapelo	2019	31.39001	81.2758	0	180	-334	6.9	6.740225576	0.01	144.3598971	66.52777879	0.01	480.9718078	28.94906786	14.9898791	8.978343563	-19.9705	0.09	3.134	0.7	-21.2965	5.9198	2.2415	11.2189	31.7	136	29.05	1.36	4.635	45.285	-14.25	33.51790732	1.008474204	137.1524917	904	6.138320631	0.996103467	48330
Sapelo2019_Endosphere_T1_P1_5-10	87	2	1	1	Root	Tall	10-05	Sapelo	2019	31.38894	81.27755	240	12	-140.7	6.6	571.6383088	541.6769414	98.12697785	0.01	2.339735018	34.99041897	44.03292696	24.76011731	29.96136735	-21.0365	0.24	5.183	2.58	-21.5545	18.7358	5.8521	71.6254	95.4	68	24.15	1.535	7.35	45.845	-13.6	30.48801488	6.948133809	472.4730992	910	5.968942708	0.992764264	42368
Sapelo2019_Endosphere_T1_P1_0-5	88	1	1	1	Root	Tall	0-5	Sapelo	2019	31.38894	81.27755	240	12	-114	6.7	355.8911947	323.4693535	107.8942396	0.01	2.760727683	1.808346472	42.24436642	24.74843552	32.42184114	-20.2595	0.31	5.277	3.29	-21.0175	18.7358	5.8521	71.6254	95.4	68	24.15	1.535	7.35	45.845	-13.6	30.48801488	6.948133809	472.4730992	815	5.167257156	0.971389326	66069
Sapelo2019_Endosphere_T1_P2_5-10	89	4	1	2	Root	Medium	10-05	Sapelo	2019	31.38913	81.2776	60	36	-385	6.6	21.27400925	26.6654213	244.0715326	56.46862936	0.01	1588.534066	37.14546908	9.32978915	0.01	-15.7525	0.73	2.702	15.98	-15.8155	18.2165	6.1389	68.9428	59.9	100	26.3	1.285	6.645	44.39	-13.77	34.92700174	3.334676557	333.4676557	573	4.493384271	0.942702186	66575
Sapelo2019_Endosphere_T1_P2_0-5	90	3	1	2	Root	Medium	0-5	Sapelo	2019	31.38913	81.2776	60	36	-289	7.4	24.56628178	17.16644433	181.4172339	70.21938371	1.029806167	510.4470744	45.98808259	20.9847806	7.399837448	-16.6665	0.83	5.816	7.58	-17.3225	18.2165	6.1389	68.9428	59.9	100	26.3	1.285	6.645	44.39	-13.77	34.92700174	3.334676557	333.4676557	523	5.417327526	0.99110211	41159
Sapelo2019_Endosphere_T1_P3_5-10	91	6	1	3	Root	Short	10-05	Sapelo	2019	31.38943	81.27757	8	60	-397.5	7.1	0.232621687	1.043855496	98.50019102	140.6686395	0.01	1284.990335	41.15723686	9.307005393	0.01	-18.4485	0.32	3.757	4.23	-18.7005	NA	NA	NA	45	172	26.05	1.56	5.69	45.005	-13.795	28.92605921	2.021893621	347.7657028	965	6.071104306	0.99542263	57051
Sapelo2019_Endosphere_T1_P3_0-5	92	5	1	3	Root	Short	0-5	Sapelo	2019	31.38943	81.27757	8	60	-377	6.6	2.710937542	0.621998055	94.6133124	163.162241	0.01	1440.14984	47.58159378	12.56685412	2.088939487	-19.0275	0.3	3.905	4.52	-19.4975	NA	NA	NA	45	172	26.05	1.56	5.69	45.005	-13.795	28.92605921	2.021893621	347.7657028	853	5.797514772	0.99244571	59582
Sapelo2019_Endosphere_T1_P4_5-10	93	26	1	4	Root	Short	10-05	Sapelo	2019	31.38983	81.27757	0	204	-326	6.7	41.09243702	33.25209055	80.43121197	155.3429722	0.01	105.4421294	41.16027798	22.89419698	7.840346472	-18.2725	0.33	3.872	5.24	-18.6705	13.8539	2.532	76.8323	21	264	27.525	1.54	6.105	45.545	-13.465	29.65746805	0.437036236	115.3775663	913	6.058036781	0.99541046	56209
Sapelo2019_Endosphere_T1_P4_0-5	94	25	1	4	Root	Short	0-5	Sapelo	2019	31.38983	81.27757	0	204	-276.5	6.5	698.0729128	703.5470725	117.5522682	0.01	0.439399167	91.006864	33.28671187	28.07935439	0.01	-20.0485	0.38	4.129	5.06	-20.5635	13.8539	2.532	76.8323	21	264	27.525	1.54	6.105	45.545	-13.465	29.65746805	0.437036236	115.3775663	735	5.76352165	0.993390099	58841
Sapelo2019_Endosphere_T3_P1_5-10	96	14	3	1	Root	Tall	10-05	Sapelo	2019	31.38892	81.27632	240	0	-109.5	6	83.61661153	38.20988304	102.3415558	0.01	0.345497458	10.15145954	24.58458637	15.26054278	45.40672849	-19.5685	0.19	4.922	1.87	-21.0375	16.1312	7.6942	52.4393	66.1	72	29.275	1.095	7.25	45.535	-13.565	43.56925866	3.729582183	268.5299172	633	4.802639782	0.95310237	53279
Sapelo2019_Endosphere_T3_P1_5-10_b	95	14	3	1	Root	Tall	10-05	Sapelo	2019	31.38892	81.27632	240	0	-109.5	6	83.61661153	38.20988304	102.3415558	0.01	0.345497458	10.15145954	24.58458637	15.26054278	45.40672849	-19.5685	0.19	4.922	1.87	-21.0375	16.1312	7.6942	52.4393	66.1	72	29.275	1.095	7.25	45.535	-13.565	43.56925866	3.729582183	268.5299172	643	5.02238005	0.970148923	49242
Sapelo2019_Endosphere_T3_P1_0-5	98	13	3	1	Root	Tall	0-5	Sapelo	2019	31.38892	81.27632	240	0	-48.5	6.6	31.55578042	11.06780752	85.70171014	0.01	0.209339979	42.65040465	26.30724662	14.49134702	20.48797289	-20.1695	0.31	4.935	3.38	-21.6115	16.1312	7.6942	52.4393	66.1	72	29.275	1.095	7.25	45.535	-13.565	43.56925866	3.729582183	268.5299172	775	5.416273952	0.986197405	56293
Sapelo2019_Endosphere_T3_P1_0-5_b	97	13	3	1	Root	Tall	0-5	Sapelo	2019	31.38892	81.27632	240	0	-48.5	6.6	31.55578042	11.06780752	85.70171014	0.01	0.209339979	42.65040465	26.30724662	14.49134702	20.48797289	-20.1695	0.31	4.935	3.38	-21.6115	16.1312	7.6942	52.4393	66.1	72	29.275	1.095	7.25	45.535	-13.565	43.56925866	3.729582183	268.5299172	701	5.177381732	0.976981314	54845
Sapelo2019_Endosphere_T3_P2_5-10	100	16	3	2	Root	Medium	10-05	Sapelo	2019	31.38914	81.27642	220	16	-63	6	301.1779177	247.3184744	71.26473242	0.01	1.145618276	0.01	22.61210141	13.06614388	53.85944327	-20.0475	0.36	4.363	4.33	-20.4565	15.693	5.5433	39.2885	59	76	30.175	1.23	7.215	45.7	-13.61	37.19359077	3.079225218	234.0211166	872	5.81327929	0.992804305	63828
Sapelo2019_Endosphere_T3_P2_5-10_b	99	16	3	2	Root	Medium	10-05	Sapelo	2019	31.38914	81.27642	220	16	-63	6	301.1779177	247.3184744	71.26473242	0.01	1.145618276	0.01	22.61210141	13.06614388	53.85944327	-20.0475	0.36	4.363	4.33	-20.4565	15.693	5.5433	39.2885	59	76	30.175	1.23	7.215	45.7	-13.61	37.19359077	3.079225218	234.0211166	637	5.074525713	0.981023965	56734
Sapelo2019_Endosphere_T3_P2_0-5	102	15	3	2	Root	Medium	0-5	Sapelo	2019	31.38914	81.27642	220	16	-68	6.9	137.1474241	122.1291688	55.48964894	0.01	0.01	36.09910111	23.55404819	13.60722342	15.01825529	-19.9415	0.37	4.661	4.72	-20.3825	15.693	5.5433	39.2885	59	76	30.175	1.23	7.215	45.7	-13.61	37.19359077	3.079225218	234.0211166	598	4.753427811	0.966910582	62130
Sapelo2019_Endosphere_T3_P2_0-5_b	101	15	3	2	Root	Medium	0-5	Sapelo	2019	31.38914	81.27642	220	16	-68	6.9	137.1474241	122.1291688	55.48964894	0.01	0.01	36.09910111	23.55404819	13.60722342	15.01825529	-19.9415	0.37	4.661	4.72	-20.3825	15.693	5.5433	39.2885	59	76	30.175	1.23	7.215	45.7	-13.61	37.19359077	3.079225218	234.0211166	569	4.598369983	0.953638829	57392
Sapelo2019_Endosphere_T3_P3_5-10	104	18	3	3	Root	Short	10-05	Sapelo	2019	31.38957	81.27657	12	116	-388.5	6.6	15.13896264	0.178833781	410.3880647	129.4015254	0.01	1423.015661	27.63239064	8.947182106	14.96012886	-17.5585	0.36	2.94	6.23	-17.9575	6.2892	1.4234	25.229	32	204	34.75	1.235	5.205	45.615	-13.835	36.9620149	1.146368929	233.8592615	882	5.893271864	0.994680093	65957
Sapelo2019_Endosphere_T3_P3_5-10_b	103	18	3	3	Root	Short	10-05	Sapelo	2019	31.38957	81.27657	12	116	-388.5	6.6	15.13896264	0.178833781	410.3880647	129.4015254	0.01	1423.015661	27.63239064	8.947182106	14.96012886	-17.5585	0.36	2.94	6.23	-17.9575	6.2892	1.4234	25.229	32	204	34.75	1.235	5.205	45.615	-13.835	36.9620149	1.146368929	233.8592615	858	5.874070438	0.993559143	59545
Sapelo2019_Endosphere_T3_P3_0-5	106	17	3	3	Root	Short	0-5	Sapelo	2019	31.38957	81.27657	12	116	-371	6.9	14.63682021	0.01	242.4694468	98.31674941	0.01	653.9822155	28.43964257	15.9448938	16.425989	-17.1655	0.38	3.493	7.36	-17.5815	6.2892	1.4234	25.229	32	204	34.75	1.235	5.205	45.615	-13.835	36.9620149	1.146368929	233.8592615	691	4.742471174	0.950747017	57630
Sapelo2019_Endosphere_T3_P3_0-5_b	105	17	3	3	Root	Short	0-5	Sapelo	2019	31.38957	81.27657	12	116	-371	6.9	14.63682021	0.01	242.4694468	98.31674941	0.01	653.9822155	28.43964257	15.9448938	16.425989	-17.1655	0.38	3.493	7.36	-17.5815	6.2892	1.4234	25.229	32	204	34.75	1.235	5.205	45.615	-13.835	36.9620149	1.146368929	233.8592615	472	4.148165278	0.939572493	56296
Sapelo2019_Endosphere_T4_P1_5-10	107	20	4	1	Root	Tall	10-05	Sapelo	2019	31.38904	81.27569	220	4	42	6.4	14.26426293	1.678576782	61.21528513	0.01	2.576445578	18.76334403	25.43039518	13.62501645	12.58568615	-19.7025	0.41	5.033	3.72	-20.3415	18.8298	10.1706	62.2038	82.5	80	28.275	1.42	7.695	45.695	-13.48	32.16453539	5.375219361	430.0175488	783	5.592119709	0.988370178	56470
Sapelo2019_Endosphere_T4_P1_0-5	108	19	4	1	Root	Tall	0-5	Sapelo	2019	31.38904	81.27569	220	4	86	6.9	48.53548366	6.245473846	53.04100644	0.01	1.262212899	13.55589762	29.29156467	18.84981155	42.29000981	-19.9555	0.4	5.058	3.69	-20.2825	18.8298	10.1706	62.2038	82.5	80	28.275	1.42	7.695	45.695	-13.48	32.16453539	5.375219361	430.0175488	716	5.515172749	0.98827693	51602
Sapelo2019_Endosphere_T4_P2_5-10	109	22	4	2	Root	Medium	10-05	Sapelo	2019	31.38957	81.27559	36	0	-395.5	6.5	9.141600253	9.395858769	161.8736077	72.51343314	0.01	568.5688956	25.69149088	8.498591927	0.01	-17.4285	0.39	2.94	6.11	-17.7945	4.8474	1.2989	21.9002	53.8	96	28.2	1.02	5.705	45.885	-14.105	44.87617008	2.776292111	266.5240426	859	6.091521756	0.995511252	45851
Sapelo2019_Endosphere_T4_P2_0-5	110	21	4	2	Root	Medium	0-5	Sapelo	2019	31.38957	81.27559	36	0	-297.5	6.6	25.07247374	6.330619384	65.65743212	0.01	0.29346026	46.03244512	29.01855311	16.66794341	18.74185436	-17.2675	0.41	2.729	7.01	-17.6715	4.8474	1.2989	21.9002	53.8	96	28.2	1.02	5.705	45.885	-14.105	44.87617008	2.776292111	266.5240426	1075	6.073088807	0.990463179	68013
Sapelo2019_Endosphere_T4_P3_5-10	111	24	4	3	Root	Short	10-05	Sapelo	2019	31.39001	81.2758	0	180	-361	6.3	3.83670847	2.251374041	107.7303899	85.28373189	0.01	424.8321759	26.77692098	12.41836188	1.585334429	-20.2495	0.12	3.304	1.48	-21.0035	5.9198	2.2415	11.2189	31.7	136	29.05	1.36	4.635	45.285	-14.25	33.51790732	1.008474204	137.1524917	763	5.727823678	0.993007998	55936
Sapelo2019_Endosphere_T4_P3_0-5	112	22	4	3	Root	Short	0-5	Sapelo	2019	31.39001	81.2758	0	180	-334	6.9	6.740225576	0.01	144.3598971	66.52777879	0.01	480.9718078	28.94906786	14.9898791	8.978343563	-19.9705	0.09	3.134	0.7	-21.2965	5.9198	2.2415	11.2189	31.7	136	29.05	1.36	4.635	45.285	-14.25	33.51790732	1.008474204	137.1524917	727	5.498779742	0.987136611	48667
Sapelo2019_Rhizosphere_T1_P1_5-10	113	2	1	1	Rhizosphere	Tall	10-05	Sapelo	2019	31.38894	81.27755	240	12	-140.7	6.6	571.6383088	541.6769414	98.12697785	0.01	2.339735018	34.99041897	44.03292696	24.76011731	29.96136735	-21.0365	0.24	5.183	2.58	-21.5545	18.7358	5.8521	71.6254	95.4	68	24.15	1.535	7.35	45.845	-13.6	30.48801488	6.948133809	472.4730992	1245	6.572514439	0.997107868	48352
Sapelo2019_Rhizosphere_T1_P1_0-5	114	1	1	1	Rhizosphere	Tall	0-5	Sapelo	2019	31.38894	81.27755	240	12	-114	6.7	355.8911947	323.4693535	107.8942396	0.01	2.760727683	1.808346472	42.24436642	24.74843552	32.42184114	-20.2595	0.31	5.277	3.29	-21.0175	18.7358	5.8521	71.6254	95.4	68	24.15	1.535	7.35	45.845	-13.6	30.48801488	6.948133809	472.4730992	1068	6.389814756	0.996400427	42450
Sapelo2019_Rhizosphere_T1_P2_5-10	115	4	1	2	Rhizosphere	Medium	10-05	Sapelo	2019	31.38913	81.2776	60	36	-385	6.6	21.27400925	26.6654213	244.0715326	56.46862936	0.01	1588.534066	37.14546908	9.32978915	0.01	-15.7525	0.73	2.702	15.98	-15.8155	18.2165	6.1389	68.9428	59.9	100	26.3	1.285	6.645	44.39	-13.77	34.92700174	3.334676557	333.4676557	748	5.467724303	0.986521529	60496
Sapelo2019_Rhizosphere_T1_P2_0-5	116	3	1	2	Rhizosphere	Medium	0-5	Sapelo	2019	31.38913	81.2776	60	36	-289	7.4	24.56628178	17.16644433	181.4172339	70.21938371	1.029806167	510.4470744	45.98808259	20.9847806	7.399837448	-16.6665	0.83	5.816	7.58	-17.3225	18.2165	6.1389	68.9428	59.9	100	26.3	1.285	6.645	44.39	-13.77	34.92700174	3.334676557	333.4676557	908	5.82001615	0.990810585	62047
Sapelo2019_Rhizosphere_T1_P3_5-10	117	6	1	3	Rhizosphere	Short	10-05	Sapelo	2019	31.38943	81.27757	8	60	-397.5	7.1	0.232621687	1.043855496	98.50019102	140.6686395	0.01	1284.990335	41.15723686	9.307005393	0.01	-18.4485	0.32	3.757	4.23	-18.7005	NA	NA	NA	45	172	26.05	1.56	5.69	45.005	-13.795	28.92605921	2.021893621	347.7657028	823	5.840072211	0.994372932	51875
Sapelo2019_Rhizosphere_T1_P3_0-5	118	5	1	3	Rhizosphere	Short	0-5	Sapelo	2019	31.38943	81.27757	8	60	-377	6.6	2.710937542	0.621998055	94.6133124	163.162241	0.01	1440.14984	47.58159378	12.56685412	2.088939487	-19.0275	0.3	3.905	4.52	-19.4975	NA	NA	NA	45	172	26.05	1.56	5.69	45.005	-13.795	28.92605921	2.021893621	347.7657028	859	5.862890202	0.993509577	52626
Sapelo2019_Rhizosphere_T1_P4_5-10	119	26	1	4	Rhizosphere	Short	10-05	Sapelo	2019	31.38983	81.27757	0	204	-326	6.7	41.09243702	33.25209055	80.43121197	155.3429722	0.01	105.4421294	41.16027798	22.89419698	7.840346472	-18.2725	0.33	3.872	5.24	-18.6705	13.8539	2.532	76.8323	21	264	27.525	1.54	6.105	45.545	-13.465	29.65746805	0.437036236	115.3775663	897	5.856408397	0.99178717	51540
Sapelo2019_Rhizosphere_T1_P4_0-5	120	25	1	4	Rhizosphere	Short	0-5	Sapelo	2019	31.38983	81.27757	0	204	-276.5	6.5	698.0729128	703.5470725	117.5522682	0.01	0.439399167	91.006864	33.28671187	28.07935439	0.01	-20.0485	0.38	4.129	5.06	-20.5635	13.8539	2.532	76.8323	21	264	27.525	1.54	6.105	45.545	-13.465	29.65746805	0.437036236	115.3775663	922	6.052387193	0.994583604	52986
Sapelo2019_Rhizosphere_T3_P1_5-10	122	14	3	1	Rhizosphere	Tall	10-05	Sapelo	2019	31.38892	81.27632	240	0	-109.5	6	83.61661153	38.20988304	102.3415558	0.01	0.345497458	10.15145954	24.58458637	15.26054278	45.40672849	-19.5685	0.19	4.922	1.87	-21.0375	16.1312	7.6942	52.4393	66.1	72	29.275	1.095	7.25	45.535	-13.565	43.56925866	3.729582183	268.5299172	1276	6.462634853	0.996092886	51749
Sapelo2019_Rhizosphere_T3_P1_5-10_b	121	14	3	1	Rhizosphere	Tall	10-05	Sapelo	2019	31.38892	81.27632	240	0	-109.5	6	83.61661153	38.20988304	102.3415558	0.01	0.345497458	10.15145954	24.58458637	15.26054278	45.40672849	-19.5685	0.19	4.922	1.87	-21.0375	16.1312	7.6942	52.4393	66.1	72	29.275	1.095	7.25	45.535	-13.565	43.56925866	3.729582183	268.5299172	1160	6.477925187	0.996790924	47034
Sapelo2019_Rhizosphere_T3_P1_0-5	124	13	3	1	Rhizosphere	Tall	0-5	Sapelo	2019	31.38892	81.27632	240	0	-48.5	6.6	31.55578042	11.06780752	85.70171014	0.01	0.209339979	42.65040465	26.30724662	14.49134702	20.48797289	-20.1695	0.31	4.935	3.38	-21.6115	16.1312	7.6942	52.4393	66.1	72	29.275	1.095	7.25	45.535	-13.565	43.56925866	3.729582183	268.5299172	1165	6.473877108	0.996875906	45509
Sapelo2019_Rhizosphere_T3_P1_0-5_b	123	13	3	1	Rhizosphere	Tall	0-5	Sapelo	2019	31.38892	81.27632	240	0	-48.5	6.6	31.55578042	11.06780752	85.70171014	0.01	0.209339979	42.65040465	26.30724662	14.49134702	20.48797289	-20.1695	0.31	4.935	3.38	-21.6115	16.1312	7.6942	52.4393	66.1	72	29.275	1.095	7.25	45.535	-13.565	43.56925866	3.729582183	268.5299172	1133	6.418272835	0.996454415	46731
Sapelo2019_Rhizosphere_T3_P2_5-10	126	16	3	2	Rhizosphere	Medium	10-05	Sapelo	2019	31.38914	81.27642	220	16	-63	6	301.1779177	247.3184744	71.26473242	0.01	1.145618276	0.01	22.61210141	13.06614388	53.85944327	-20.0475	0.36	4.363	4.33	-20.4565	15.693	5.5433	39.2885	59	76	30.175	1.23	7.215	45.7	-13.61	37.19359077	3.079225218	234.0211166	1155	6.348760576	0.996376126	56662
Sapelo2019_Rhizosphere_T3_P2_5-10_b	125	16	3	2	Rhizosphere	Medium	10-05	Sapelo	2019	31.38914	81.27642	220	16	-63	6	301.1779177	247.3184744	71.26473242	0.01	1.145618276	0.01	22.61210141	13.06614388	53.85944327	-20.0475	0.36	4.363	4.33	-20.4565	15.693	5.5433	39.2885	59	76	30.175	1.23	7.215	45.7	-13.61	37.19359077	3.079225218	234.0211166	1108	6.322649525	0.996208115	53340
Sapelo2019_Rhizosphere_T3_P2_0-5	128	15	3	2	Rhizosphere	Medium	0-5	Sapelo	2019	31.38914	81.27642	220	16	-68	6.9	137.1474241	122.1291688	55.48964894	0.01	0.01	36.09910111	23.55404819	13.60722342	15.01825529	-19.9415	0.37	4.661	4.72	-20.3825	15.693	5.5433	39.2885	59	76	30.175	1.23	7.215	45.7	-13.61	37.19359077	3.079225218	234.0211166	1269	6.501040846	0.996259765	52101
Sapelo2019_Rhizosphere_T3_P2_0-5_b	127	15	3	2	Rhizosphere	Medium	0-5	Sapelo	2019	31.38914	81.27642	220	16	-68	6.9	137.1474241	122.1291688	55.48964894	0.01	0.01	36.09910111	23.55404819	13.60722342	15.01825529	-19.9415	0.37	4.661	4.72	-20.3825	15.693	5.5433	39.2885	59	76	30.175	1.23	7.215	45.7	-13.61	37.19359077	3.079225218	234.0211166	1194	6.399687735	0.995947498	53623
Sapelo2019_Rhizosphere_T3_P3_5-10	130	18	3	3	Rhizosphere	Short	10-05	Sapelo	2019	31.38957	81.27657	12	116	-388.5	6.6	15.13896264	0.178833781	410.3880647	129.4015254	0.01	1423.015661	27.63239064	8.947182106	14.96012886	-17.5585	0.36	2.94	6.23	-17.9575	6.2892	1.4234	25.229	32	204	34.75	1.235	5.205	45.615	-13.835	36.9620149	1.146368929	233.8592615	996	6.095227873	0.994698715	54734
Sapelo2019_Rhizosphere_T3_P3_5-10_b	129	18	3	3	Rhizosphere	Short	10-05	Sapelo	2019	31.38957	81.27657	12	116	-388.5	6.6	15.13896264	0.178833781	410.3880647	129.4015254	0.01	1423.015661	27.63239064	8.947182106	14.96012886	-17.5585	0.36	2.94	6.23	-17.9575	6.2892	1.4234	25.229	32	204	34.75	1.235	5.205	45.615	-13.835	36.9620149	1.146368929	233.8592615	883	5.899736977	0.993472004	53210
Sapelo2019_Rhizosphere_T3_P3_0-5	132	17	3	3	Rhizosphere	Short	0-5	Sapelo	2019	31.38957	81.27657	12	116	-371	6.9	14.63682021	0.01	242.4694468	98.31674941	0.01	653.9822155	28.43964257	15.9448938	16.425989	-17.1655	0.38	3.493	7.36	-17.5815	6.2892	1.4234	25.229	32	204	34.75	1.235	5.205	45.615	-13.835	36.9620149	1.146368929	233.8592615	1078	6.202903764	0.995202303	51446
Sapelo2019_Rhizosphere_T3_P3_0-5_b	131	17	3	3	Rhizosphere	Short	0-5	Sapelo	2019	31.38957	81.27657	12	116	-371	6.9	14.63682021	0.01	242.4694468	98.31674941	0.01	653.9822155	28.43964257	15.9448938	16.425989	-17.1655	0.38	3.493	7.36	-17.5815	6.2892	1.4234	25.229	32	204	34.75	1.235	5.205	45.615	-13.835	36.9620149	1.146368929	233.8592615	1030	6.02732155	0.992631639	59149
Sapelo2019_Rhizosphere_T4_P1_5-10	133	20	4	1	Rhizosphere	Tall	10-05	Sapelo	2019	31.38904	81.27569	220	4	42	6.4	14.26426293	1.678576782	61.21528513	0.01	2.576445578	18.76334403	25.43039518	13.62501645	12.58568615	-19.7025	0.41	5.033	3.72	-20.3415	18.8298	10.1706	62.2038	82.5	80	28.275	1.42	7.695	45.695	-13.48	32.16453539	5.375219361	430.0175488	1042	6.395589622	0.996736302	43561
Sapelo2019_Rhizosphere_T4_P1_0-5	134	19	4	1	Rhizosphere	Tall	0-5	Sapelo	2019	31.38904	81.27569	220	4	86	6.9	48.53548366	6.245473846	53.04100644	0.01	1.262212899	13.55589762	29.29156467	18.84981155	42.29000981	-19.9555	0.4	5.058	3.69	-20.2825	18.8298	10.1706	62.2038	82.5	80	28.275	1.42	7.695	45.695	-13.48	32.16453539	5.375219361	430.0175488	1017	6.335224123	0.996646513	43830
Sapelo2019_Rhizosphere_T4_P2_5-10	135	22	4	2	Rhizosphere	Medium	10-05	Sapelo	2019	31.38957	81.27559	36	0	-395.5	6.5	9.141600253	9.395858769	161.8736077	72.51343314	0.01	568.5688956	25.69149088	8.498591927	0.01	-17.4285	0.39	2.94	6.11	-17.7945	4.8474	1.2989	21.9002	53.8	96	28.2	1.02	5.705	45.885	-14.105	44.87617008	2.776292111	266.5240426	1148	6.525347245	0.997327303	46141
Sapelo2019_Rhizosphere_T4_P2_0-5	136	21	4	2	Rhizosphere	Medium	0-5	Sapelo	2019	31.38957	81.27559	36	0	-297.5	6.6	25.07247374	6.330619384	65.65743212	0.01	0.29346026	46.03244512	29.01855311	16.66794341	18.74185436	-17.2675	0.41	2.729	7.01	-17.6715	4.8474	1.2989	21.9002	53.8	96	28.2	1.02	5.705	45.885	-14.105	44.87617008	2.776292111	266.5240426	1096	6.360345448	0.995457149	45557
Sapelo2019_Rhizosphere_T4_P3_5-10	137	24	4	3	Rhizosphere	Short	10-05	Sapelo	2019	31.39001	81.2758	0	180	-361	6.3	3.83670847	2.251374041	107.7303899	85.28373189	0.01	424.8321759	26.77692098	12.41836188	1.585334429	-20.2495	0.12	3.304	1.48	-21.0035	5.9198	2.2415	11.2189	31.7	136	29.05	1.36	4.635	45.285	-14.25	33.51790732	1.008474204	137.1524917	919	5.54645068	0.982233307	57757
Sapelo2019_Rhizosphere_T4_P3_0-5	138	22	4	3	Rhizosphere	Short	0-5	Sapelo	2019	31.39001	81.2758	0	180	-334	6.9	6.740225576	0.01	144.3598971	66.52777879	0.01	480.9718078	28.94906786	14.9898791	8.978343563	-19.9705	0.09	3.134	0.7	-21.2965	5.9198	2.2415	11.2189	31.7	136	29.05	1.36	4.635	45.285	-14.25	33.51790732	1.008474204	137.1524917	1093	6.265239022	0.995772808	52063
Skidaway2019_Bulk_sediment_T5_P1_5-10	139	28	5	1	Bulk sediment	Tall	10-05	Skidaway	2019	31.9754	81.03147	600	0	NA	NA	540.1774658	417.6924504	53.65999414	0.01	0.01	105.7556961	23.81289626	10.98637353	122.4850155	-18.212	0.44130955	5.546142857	4.068379723	-18.667	11.1754	4.5448	10.1029	127.7	112	28.65	1.115	7.09	44.785	-13.13	41.06710974	12.3325749	1381.248389	975	6.315586017	0.996821246	45581
Skidaway2019_Bulk_sediment_T5_P1_0-5	140	27	5	1	Bulk sediment	Tall	0-5	Skidaway	2019	31.9754	81.03147	600	0	NA	NA	294.0183385	250.9329179	61.41554585	0.01	0.674153442	118.9590925	27.03097832	14.65096849	43.08542058	-18.212	0.44130955	5.546142857	4.068379723	-18.667	11.1754	4.5448	10.1029	127.7	112	28.65	1.115	7.09	44.785	-13.13	41.06710974	12.3325749	1381.248389	1121	6.465143788	0.997220847	48208
Skidaway2019_Bulk_sediment_T5_P2_5-10	141	30	5	2	Bulk sediment	Medium	10-05	Skidaway	2019	31.97528	81.03122	100	80	NA	NA	3.119940649	2.777728279	45.6131541	67.12363578	2.05920366	1383.506262	23.44177852	5.185742955	0.34221237	-19.274	0.10809525	4.916857143	1.169437729	-19.568	4.122	2.3958	10.8328	63.1	96	28.675	1.045	6.175	44.865	-13.795	44.58704935	3.998526275	383.8585224	1183	6.502567416	0.996587431	49741
Skidaway2019_Bulk_sediment_T5_P2_0-5	142	29	5	2	Bulk sediment	Medium	0-5	Skidaway	2019	31.97528	81.03122	100	80	NA	NA	6.051804505	5.386277958	44.22043178	22.61582679	0.01	565.8923801	20.8123274	10.24294707	0.665526547	-19.274	0.10809525	4.916857143	1.169437729	-19.568	4.122	2.3958	10.8328	63.1	96	28.675	1.045	6.175	44.865	-13.795	44.58704935	3.998526275	383.8585224	1048	6.392736643	0.99678894	48824
Skidaway2019_Bulk_sediment_T5_P3_5-10	143	32	5	3	Bulk sediment	Short	10-05	Skidaway	2019	31.9753	81.03085	188	4	NA	NA	6.059903576	14.01306911	131.60693	31.62410116	0.01	884.2857325	23.18913256	10.05466182	0.01	-17.197	0.092060332	3.862571429	1.570796212	-17.42	1.6937	1.3253	4.2324	19.5	4	26.775	1.425	5.775	45.015	-13.49	31.89091258	0.341853752	1.367415008	830	5.842639495	0.993786553	53090
Skidaway2019_Bulk_sediment_T5_P3_0-5	144	31	5	3	Bulk sediment	Short	0-5	Skidaway	2019	31.9753	81.03085	188	4	NA	NA	3.719271935	10.93621897	90.18026817	15.92868625	0.01	262.0798777	24.76202493	14.09177696	0.01	-17.197	0.092060332	3.862571429	1.570796212	-17.42	1.6937	1.3253	4.2324	19.5	4	26.775	1.425	5.775	45.015	-13.49	31.89091258	0.341853752	1.367415008	978	6.2726347	0.996404263	48083
Skidaway2019_Bulk_sediment_T6_P1_5-10	145	34	6	1	Bulk sediment	Tall	10-05	Skidaway	2019	31.97435	81.03093	240	4	NA	NA	355.3445073	258.0834096	46.29586111	0.01	1.063063023	43.4119237	31.09872824	14.59058176	97.26109777	-18.597	0.397122753	5.798285714	4.007675002	-19.698	9.4045	5.2713	12.6785	122.8	160	25.525	1.155	8.085	45.695	-12.98	39.57887054	11.06108971	1769.774354	654	5.960751838	0.995717205	25790
Skidaway2019_Bulk_sediment_T6_P1_0-5	146	33	6	1	Bulk sediment	Tall	0-5	Skidaway	2019	31.97435	81.03093	240	4	NA	NA	308.8112925	300.8378206	77.70948666	0.01	1.40893432	117.749621	23.43927385	11.54706549	7.973471899	-18.597	0.397122753	5.798285714	4.007675002	-19.698	9.4045	5.2713	12.6785	122.8	160	25.525	1.155	8.085	45.695	-12.98	39.57887054	11.06108971	1769.774354	1114	6.478701892	0.997320036	46638
Skidaway2019_Bulk_sediment_T6_P2_5-10	147	36	6	2	Bulk sediment	Medium	10-05	Skidaway	2019	31.9744	81.0308	60	0	NA	NA	0.925092294	5.386277958	89.13345075	38.80959482	0.90969023	345.2870321	45.00960643	21.68961744	0.01	-20.116	0.085006368	4.166	0.877543199	-20.344	2.5616	1.842	6.3335	61.7	88	26.225	1.395	6.58	45.165	-13.62	32.47212647	4.98056981	438.2901432	1013	6.43445128	0.997536334	44219
Skidaway2019_Bulk_sediment_T6_P2_0-5	148	35	6	2	Bulk sediment	Medium	0-5	Skidaway	2019	31.9744	81.0308	60	0	NA	NA	23.23803407	25.58899209	46.96036261	9.282172333	0.01	80.81594737	30.11466354	14.06715532	0.01	-20.116	0.085006368	4.166	0.877543199	-20.344	2.5616	1.842	6.3335	61.7	88	26.225	1.395	6.58	45.165	-13.62	32.47212647	4.98056981	438.2901432	1014	6.32042403	0.996697726	51519
Skidaway2019_Bulk_sediment_T7_P1_5-10	149	38	7	1	Bulk sediment	Tall	10-05	Skidaway	2019	31.97367	81.03113	244	0	NA	NA	76.49752775	57.50695826	77.06319068	27.68873656	1.459406489	146.3401817	21.31674158	10.39519201	18.99056949	-19.712	0.407925365	5.608714286	3.607209633	-20	12.9603	5.9676	17.5178	116.8	132	27.1	1.26	7.63	45.17	-13.105	36.38942168	10.08598253	1331.349694	1046	6.376650198	0.99672375	44384
Skidaway2019_Bulk_sediment_T7_P1_0-5	150	37	7	1	Bulk sediment	Tall	0-5	Skidaway	2019	31.97367	81.03113	244	0	NA	NA	596.2351887	457.2780342	239.574769	0.01	0.829873777	120.9412817	NA	NA	138.9571545	-19.712	0.407925365	5.608714286	3.607209633	-20	12.9603	5.9676	17.5178	116.8	132	27.1	1.26	7.63	45.17	-13.105	36.38942168	10.08598253	1331.349694	1071	6.4332604	0.997112721	46025
Skidaway2019_Bulk_sediment_T7_P2_5-10	151	40	7	2	Bulk sediment	Medium	10-05	Skidaway	2019	31.97372	81.031	8	88	NA	NA	8.971519753	3.563389384	21.17224288	3.594446483	0.743014696	298.6887859	17.96182596	8.879286155	5.408130369	-16.543	0.215427453	3.158428571	3.649923114	-16.764	4.6075	2.5629	10.1454	46.5	68	28.1	1.215	6.19	45.92	-13.28	37.8313956	3.2805839	223.0797052	974	6.352388238	0.997153734	44867
Skidaway2019_Bulk_sediment_T7_P2_0-5	152	39	7	2	Bulk sediment	Medium	0-5	Skidaway	2019	31.97372	81.031	8	88	NA	NA	7.886244182	0.01	12.91603936	7.264383877	0.019580274	1405.646308	15.38899804	6.643795856	8.70785003	-16.543	0.215427453	3.158428571	3.649923114	-16.764	4.6075	2.5629	10.1454	46.5	68	28.1	1.215	6.19	45.92	-13.28	37.8313956	3.2805839	223.0797052	1167	6.579324043	0.997749267	46871
Skidaway2019_Bulk_sediment_T7_P3_5-10	153	42	7	3	Bulk sediment	Short	10-05	Skidaway	2019	31.97338	81.03055	76	96	NA	NA	7.266665218	3.733680461	47.3517813	17.40749498	0.01	956.4844572	24.60875402	10.31411859	3.532984757	-17.688	0.079772441	1.720142857	1.057485847	-18.329	2.1572	1.7402	4.8019	50.4	156	28.7	0.95	5.54	44.455	-13.6	46.68419511	2.464839804	384.5150094	773	5.764221147	0.992670158	44734
Skidaway2019_Bulk_sediment_T7_P3_0-5	154	41	7	3	Bulk sediment	Short	0-5	Skidaway	2019	31.97338	81.03055	76	96	NA	NA	7.537984111	3.880750027	34.5806087	4.840329289	0.01	662.5605036	29.74468717	14.82274012	3.657234084	-17.688	0.079772441	1.720142857	1.057485847	-18.329	2.1572	1.7402	4.8019	50.4	156	28.7	0.95	5.54	44.455	-13.6	46.68419511	2.464839804	384.5150094	933	6.147138082	0.994927655	48390
Skidaway2019_Bulk_sediment_T8_P1_5-10	157	46	8	1	Bulk sediment	Tall	10-05	Skidaway	2019	31.9728	81.0309	160	0	NA	NA	16.1432475	10.54919379	95.91500712	95.00161777	0.075921299	264.7115979	25.01903687	9.636216512	5.594053709	-19.098	0.41558043	5.787571429	3.976466757	-19.386	9.095	3.9419	10.602	128.4	116	26.95	1.39	7.91	44.985	-13.745	34.04579667	11.81216029	1370.210594	882	6.307045173	0.997172382	38779
Skidaway2019_Bulk_sediment_T8_P1_0-5	158	45	8	1	Bulk sediment	Tall	0-5	Skidaway	2019	31.9728	81.0309	160	0	NA	NA	501.8121645	373.9684113	212.585085	0.01	0.645591672	167.7635042	28.47740087	13.35082049	127.8437532	-19.098	0.41558043	5.787571429	3.976466757	-19.386	9.095	3.9419	10.602	128.4	116	26.95	1.39	7.91	44.985	-13.745	34.04579667	11.81216029	1370.210594	1346	6.634801756	0.99760573	65936
Skidaway2019_Bulk_sediment_T8_P2_5-10	159	48	8	2	Bulk sediment	Medium	10-05	Skidaway	2019	31.9728	81.03062	40	160	NA	NA	17.55653546	0.01	22.68330108	67.35385326	0.01	788.2559412	18.11240159	4.934891953	18.49037861	-16.91	0.138747973	4.188428571	2.187115995	-17.346	3.5139	1.9378	6.328	78.8	88	26.875	0.985	7.335	46.1	-13.755	46.68796012	6.083580551	535.3550884	863	6.288275408	0.997248623	35630
Skidaway2019_Bulk_sediment_T8_P2_0-5	160	47	8	2	Bulk sediment	Medium	0-5	Skidaway	2019	31.9728	81.03062	40	160	NA	NA	15.10251682	0.927747943	40.08777864	52.48180438	0.01	929.7976942	23.0606327	8.523287432	14.17476888	-16.91	0.138747973	4.188428571	2.187115995	-17.346	3.5139	1.9378	6.328	78.8	88	26.875	0.985	7.335	46.1	-13.755	46.68796012	6.083580551	535.3550884	1009	6.435191657	0.997538981	42277
Skidaway2019_Bulk_sediment_T8_P3_5-10	161	50	8	3	Bulk sediment	Short	10-05	Skidaway	2019	31.97283	81.0304	36	80	NA	NA	22.1082136	0.382042447	39.42327714	69.19288462	0.01	843.3764815	25.63790346	7.682157843	21.72617116	-17.54	0.133136555	2.138857143	1.720222148	-18.046	2.4284	2.3138	4.3864	26.6	204	30.15	0.95	5.595	44.125	-13.52	46.88878061	0.734197302	149.7762497	800	6.010493966	0.995603841	41670
Skidaway2019_Bulk_sediment_T8_P3_0-5	162	49	8	3	Bulk sediment	Short	0-5	Skidaway	2019	31.97283	81.0304	36	80	NA	NA	17.30951378	4.472898545	45.81341482	45.36131331	0.01	298.4648097	23.93529199	10.85265558	12.83661524	-17.54	0.133136555	2.138857143	1.720222148	-18.046	2.4284	2.3138	4.3864	26.6	204	30.15	0.95	5.595	44.125	-13.52	46.88878061	0.734197302	149.7762497	847	5.893058739	0.992354003	47953
Skidaway2019_Endosphere_T5_P1_5-10	163	28	5	1	Root	Tall	10-05	Skidaway	2019	31.9754	81.03147	600	0	NA	NA	540.1774658	417.6924504	53.65999414	0.01	0.01	105.7556961	23.81289626	10.98637353	122.4850155	-18.212	0.44130955	5.546142857	4.068379723	-18.667	11.1754	4.5448	10.1029	127.7	112	28.65	1.115	7.09	44.785	-13.13	41.06710974	12.3325749	1381.248389	521	4.949685822	0.982403262	55381
Skidaway2019_Endosphere_T5_P1_0-5	164	27	5	1	Root	Tall	0-5	Skidaway	2019	31.9754	81.03147	600	0	NA	NA	294.0183385	250.9329179	61.41554585	0.01	0.674153442	118.9590925	27.03097832	14.65096849	43.08542058	-18.212	0.44130955	5.546142857	4.068379723	-18.667	11.1754	4.5448	10.1029	127.7	112	28.65	1.115	7.09	44.785	-13.13	41.06710974	12.3325749	1381.248389	729	5.299467429	0.9792969	50756
Skidaway2019_Endosphere_T5_P2_5-10	165	30	5	2	Root	Medium	10-05	Skidaway	2019	31.97528	81.03122	100	80	NA	NA	3.119940649	2.777728279	45.6131541	67.12363578	2.05920366	1383.506262	23.44177852	5.185742955	0.34221237	-19.274	0.10809525	4.916857143	1.169437729	-19.568	4.122	2.3958	10.8328	63.1	96	28.675	1.045	6.175	44.865	-13.795	44.58704935	3.998526275	383.8585224	851	6.11148702	0.996332109	48637
Skidaway2019_Endosphere_T5_P2_0-5	166	29	5	2	Root	Medium	0-5	Skidaway	2019	31.97528	81.03122	100	80	NA	NA	6.051804505	5.386277958	44.22043178	22.61582679	0.01	565.8923801	20.8123274	10.24294707	0.665526547	-19.274	0.10809525	4.916857143	1.169437729	-19.568	4.122	2.3958	10.8328	63.1	96	28.675	1.045	6.175	44.865	-13.795	44.58704935	3.998526275	383.8585224	802	5.932050338	0.993807209	52102
Skidaway2019_Endosphere_T5_P3_5-10	167	32	5	3	Root	Short	10-05	Skidaway	2019	31.9753	81.03085	188	4	NA	NA	6.059903576	14.01306911	131.60693	31.62410116	0.01	884.2857325	23.18913256	10.05466182	0.01	-17.197	0.092060332	3.862571429	1.570796212	-17.42	1.6937	1.3253	4.2324	19.5	4	26.775	1.425	5.775	45.015	-13.49	31.89091258	0.341853752	1.367415008	695	5.716728353	0.993071377	47603
Skidaway2019_Endosphere_T5_P3_0-5	168	31	5	3	Root	Short	0-5	Skidaway	2019	31.9753	81.03085	188	4	NA	NA	3.719271935	10.93621897	90.18026817	15.92868625	0.01	262.0798777	24.76202493	14.09177696	0.01	-17.197	0.092060332	3.862571429	1.570796212	-17.42	1.6937	1.3253	4.2324	19.5	4	26.775	1.425	5.775	45.015	-13.49	31.89091258	0.341853752	1.367415008	809	5.959259056	0.994797828	49110
Skidaway2019_Endosphere_T6_P1_5-10	169	34	6	1	Root	Tall	10-05	Skidaway	2019	31.97435	81.03093	240	4	NA	NA	355.3445073	258.0834096	46.29586111	0.01	1.063063023	43.4119237	31.09872824	14.59058176	97.26109777	-18.597	0.397122753	5.798285714	4.007675002	-19.698	9.4045	5.2713	12.6785	122.8	160	25.525	1.155	8.085	45.695	-12.98	39.57887054	11.06108971	1769.774354	695	5.40093677	0.983503118	46075
Skidaway2019_Endosphere_T6_P1_0-5	170	33	6	1	Root	Tall	0-5	Skidaway	2019	31.97435	81.03093	240	4	NA	NA	308.8112925	300.8378206	77.70948666	0.01	1.40893432	117.749621	23.43927385	11.54706549	7.973471899	-18.597	0.397122753	5.798285714	4.007675002	-19.698	9.4045	5.2713	12.6785	122.8	160	25.525	1.155	8.085	45.695	-12.98	39.57887054	11.06108971	1769.774354	714	5.328447798	0.980679722	57171
Skidaway2019_Endosphere_T6_P2_5-10	171	36	6	2	Root	Medium	10-05	Skidaway	2019	31.9744	81.0308	60	0	NA	NA	0.925092294	5.386277958	89.13345075	38.80959482	0.90969023	345.2870321	45.00960643	21.68961744	0.01	-20.116	0.085006368	4.166	0.877543199	-20.344	2.5616	1.842	6.3335	61.7	88	26.225	1.395	6.58	45.165	-13.62	32.47212647	4.98056981	438.2901432	475	3.265803342	0.760788716	67980
Skidaway2019_Endosphere_T6_P2_0-5	172	35	6	2	Root	Medium	0-5	Skidaway	2019	31.9744	81.0308	60	0	NA	NA	23.23803407	25.58899209	46.96036261	9.282172333	0.01	80.81594737	30.11466354	14.06715532	0.01	-20.116	0.085006368	4.166	0.877543199	-20.344	2.5616	1.842	6.3335	61.7	88	26.225	1.395	6.58	45.165	-13.62	32.47212647	4.98056981	438.2901432	477	4.655252866	0.974715999	58731
Skidaway2019_Endosphere_T7_P1_5-10	173	38	7	1	Root	Tall	10-05	Skidaway	2019	31.97367	81.03113	244	0	NA	NA	76.49752775	57.50695826	77.06319068	27.68873656	1.459406489	146.3401817	21.31674158	10.39519201	18.99056949	-19.712	0.407925365	5.608714286	3.607209633	-20	12.9603	5.9676	17.5178	116.8	132	27.1	1.26	7.63	45.17	-13.105	36.38942168	10.08598253	1331.349694	572	4.923569503	0.974633998	59534
Skidaway2019_Endosphere_T7_P1_0-5	174	37	7	1	Root	Tall	0-5	Skidaway	2019	31.97367	81.03113	244	0	NA	NA	596.2351887	457.2780342	239.574769	0.01	0.829873777	120.9412817	NA	NA	138.9571545	-19.712	0.407925365	5.608714286	3.607209633	-20	12.9603	5.9676	17.5178	116.8	132	27.1	1.26	7.63	45.17	-13.105	36.38942168	10.08598253	1331.349694	531	4.67499841	0.966395805	53599
Skidaway2019_Endosphere_T7_P2_5-10	175	40	7	2	Root	Medium	10-05	Skidaway	2019	31.97372	81.031	8	88	NA	NA	8.971519753	3.563389384	21.17224288	3.594446483	0.743014696	298.6887859	17.96182596	8.879286155	5.408130369	-16.543	0.215427453	3.158428571	3.649923114	-16.764	4.6075	2.5629	10.1454	46.5	68	28.1	1.215	6.19	45.92	-13.28	37.8313956	3.2805839	223.0797052	676	5.827348932	0.995125511	45154
Skidaway2019_Endosphere_T7_P2_0-5	176	39	7	2	Root	Medium	0-5	Skidaway	2019	31.97372	81.031	8	88	NA	NA	7.886244182	0.01	12.91603936	7.264383877	0.019580274	1405.646308	15.38899804	6.643795856	8.70785003	-16.543	0.215427453	3.158428571	3.649923114	-16.764	4.6075	2.5629	10.1454	46.5	68	28.1	1.215	6.19	45.92	-13.28	37.8313956	3.2805839	223.0797052	626	5.095022934	0.978325124	54186
Skidaway2019_Endosphere_T7_P3_5-10	177	42	7	3	Root	Short	10-05	Skidaway	2019	31.97338	81.03055	76	96	NA	NA	7.266665218	3.733680461	47.3517813	17.40749498	0.01	956.4844572	24.60875402	10.31411859	3.532984757	-17.688	0.079772441	1.720142857	1.057485847	-18.329	2.1572	1.7402	4.8019	50.4	156	28.7	0.95	5.54	44.455	-13.6	46.68419511	2.464839804	384.5150094	812	5.85593612	0.993873355	54403
Skidaway2019_Endosphere_T7_P3_0-5	178	41	7	3	Root	Short	0-5	Skidaway	2019	31.97338	81.03055	76	96	NA	NA	7.537984111	3.880750027	34.5806087	4.840329289	0.01	662.5605036	29.74468717	14.82274012	3.657234084	-17.688	0.079772441	1.720142857	1.057485847	-18.329	2.1572	1.7402	4.8019	50.4	156	28.7	0.95	5.54	44.455	-13.6	46.68419511	2.464839804	384.5150094	766	5.736659772	0.991871414	51870
Skidaway2019_Endosphere_T8_P1_5-10	181	46	8	1	Root	Tall	10-05	Skidaway	2019	31.9728	81.0309	160	0	NA	NA	16.1432475	10.54919379	95.91500712	95.00161777	0.075921299	264.7115979	25.01903687	9.636216512	5.594053709	-19.098	0.41558043	5.787571429	3.976466757	-19.386	9.095	3.9419	10.602	128.4	116	26.95	1.39	7.91	44.985	-13.745	34.04579667	11.81216029	1370.210594	635	5.240627873	0.985208262	59200
Skidaway2019_Endosphere_T8_P1_0-5	182	45	8	1	Root	Tall	0-5	Skidaway	2019	31.9728	81.0309	160	0	NA	NA	501.8121645	373.9684113	212.585085	0.01	0.645591672	167.7635042	28.47740087	13.35082049	127.8437532	-19.098	0.41558043	5.787571429	3.976466757	-19.386	9.095	3.9419	10.602	128.4	116	26.95	1.39	7.91	44.985	-13.745	34.04579667	11.81216029	1370.210594	476	3.994761946	0.92071978	59196
Skidaway2019_Endosphere_T8_P2_5-10	183	48	8	2	Root	Medium	10-05	Skidaway	2019	31.9728	81.03062	40	160	NA	NA	17.55653546	0.01	22.68330108	67.35385326	0.01	788.2559412	18.11240159	4.934891953	18.49037861	-16.91	0.138747973	4.188428571	2.187115995	-17.346	3.5139	1.9378	6.328	78.8	88	26.875	0.985	7.335	46.1	-13.755	46.68796012	6.083580551	535.3550884	463	3.885924231	0.872735217	62606
Skidaway2019_Endosphere_T8_P2_0-5	184	47	8	2	Root	Medium	0-5	Skidaway	2019	31.9728	81.03062	40	160	NA	NA	15.10251682	0.927747943	40.08777864	52.48180438	0.01	929.7976942	23.0606327	8.523287432	14.17476888	-16.91	0.138747973	4.188428571	2.187115995	-17.346	3.5139	1.9378	6.328	78.8	88	26.875	0.985	7.335	46.1	-13.755	46.68796012	6.083580551	535.3550884	460	4.651856024	0.970615593	52128
Skidaway2019_Endosphere_T8_P3_5-10	185	50	8	3	Root	Short	10-05	Skidaway	2019	31.97283	81.0304	36	80	NA	NA	22.1082136	0.382042447	39.42327714	69.19288462	0.01	843.3764815	25.63790346	7.682157843	21.72617116	-17.54	0.133136555	2.138857143	1.720222148	-18.046	2.4284	2.3138	4.3864	26.6	204	30.15	0.95	5.595	44.125	-13.52	46.88878061	0.734197302	149.7762497	642	5.221443744	0.980209282	57858
Skidaway2019_Endosphere_T8_P3_0-5	186	49	8	3	Root	Short	0-5	Skidaway	2019	31.97283	81.0304	36	80	NA	NA	17.30951378	4.472898545	45.81341482	45.36131331	0.01	298.4648097	23.93529199	10.85265558	12.83661524	-17.54	0.133136555	2.138857143	1.720222148	-18.046	2.4284	2.3138	4.3864	26.6	204	30.15	0.95	5.595	44.125	-13.52	46.88878061	0.734197302	149.7762497	654	5.358224713	0.985539034	44941
Skidaway2019_Rhizosphere_T5_P1_5-10	187	28	5	1	Rhizosphere	Tall	10-05	Skidaway	2019	31.9754	81.03147	600	0	NA	NA	540.1774658	417.6924504	53.65999414	0.01	0.01	105.7556961	23.81289626	10.98637353	122.4850155	-18.212	0.44130955	5.546142857	4.068379723	-18.667	11.1754	4.5448	10.1029	127.7	112	28.65	1.115	7.09	44.785	-13.13	41.06710974	12.3325749	1381.248389	1016	6.353509992	0.9965747	44758
Skidaway2019_Rhizosphere_T5_P1_0-5	188	27	5	1	Rhizosphere	Tall	0-5	Skidaway	2019	31.9754	81.03147	600	0	NA	NA	294.0183385	250.9329179	61.41554585	0.01	0.674153442	118.9590925	27.03097832	14.65096849	43.08542058	-18.212	0.44130955	5.546142857	4.068379723	-18.667	11.1754	4.5448	10.1029	127.7	112	28.65	1.115	7.09	44.785	-13.13	41.06710974	12.3325749	1381.248389	1034	6.258690545	0.99506117	45260
Skidaway2019_Rhizosphere_T5_P2_5-10	189	30	5	2	Rhizosphere	Medium	10-05	Skidaway	2019	31.97528	81.03122	100	80	NA	NA	3.119940649	2.777728279	45.6131541	67.12363578	2.05920366	1383.506262	23.44177852	5.185742955	0.34221237	-19.274	0.10809525	4.916857143	1.169437729	-19.568	4.122	2.3958	10.8328	63.1	96	28.675	1.045	6.175	44.865	-13.795	44.58704935	3.998526275	383.8585224	813	6.086536472	0.996181604	44506
Skidaway2019_Rhizosphere_T5_P2_0-5	190	29	5	2	Rhizosphere	Medium	0-5	Skidaway	2019	31.97528	81.03122	100	80	NA	NA	6.051804505	5.386277958	44.22043178	22.61582679	0.01	565.8923801	20.8123274	10.24294707	0.665526547	-19.274	0.10809525	4.916857143	1.169437729	-19.568	4.122	2.3958	10.8328	63.1	96	28.675	1.045	6.175	44.865	-13.795	44.58704935	3.998526275	383.8585224	900	6.130623808	0.995683578	45742
Skidaway2019_Rhizosphere_T5_P3_5-10	191	32	5	3	Rhizosphere	Short	10-05	Skidaway	2019	31.9753	81.03085	188	4	NA	NA	6.059903576	14.01306911	131.60693	31.62410116	0.01	884.2857325	23.18913256	10.05466182	0.01	-17.197	0.092060332	3.862571429	1.570796212	-17.42	1.6937	1.3253	4.2324	19.5	4	26.775	1.425	5.775	45.015	-13.49	31.89091258	0.341853752	1.367415008	799	5.985688005	0.995336914	47947
Skidaway2019_Rhizosphere_T5_P3_0-5	192	31	5	3	Rhizosphere	Short	0-5	Skidaway	2019	31.9753	81.03085	188	4	NA	NA	3.719271935	10.93621897	90.18026817	15.92868625	0.01	262.0798777	24.76202493	14.09177696	0.01	-17.197	0.092060332	3.862571429	1.570796212	-17.42	1.6937	1.3253	4.2324	19.5	4	26.775	1.425	5.775	45.015	-13.49	31.89091258	0.341853752	1.367415008	870	6.069358378	0.995575769	47721
Skidaway2019_Rhizosphere_T6_P1_5-10	193	34	6	1	Rhizosphere	Tall	10-05	Skidaway	2019	31.97435	81.03093	240	4	NA	NA	355.3445073	258.0834096	46.29586111	0.01	1.063063023	43.4119237	31.09872824	14.59058176	97.26109777	-18.597	0.397122753	5.798285714	4.007675002	-19.698	9.4045	5.2713	12.6785	122.8	160	25.525	1.155	8.085	45.695	-12.98	39.57887054	11.06108971	1769.774354	944	6.082910784	0.993399649	44611
Skidaway2019_Rhizosphere_T6_P1_0-5	194	33	6	1	Rhizosphere	Tall	0-5	Skidaway	2019	31.97435	81.03093	240	4	NA	NA	308.8112925	300.8378206	77.70948666	0.01	1.40893432	117.749621	23.43927385	11.54706549	7.973471899	-18.597	0.397122753	5.798285714	4.007675002	-19.698	9.4045	5.2713	12.6785	122.8	160	25.525	1.155	8.085	45.695	-12.98	39.57887054	11.06108971	1769.774354	970	6.171646807	0.994463145	42194
Skidaway2019_Rhizosphere_T6_P2_5-10	195	36	6	2	Rhizosphere	Medium	10-05	Skidaway	2019	31.9744	81.0308	60	0	NA	NA	0.925092294	5.386277958	89.13345075	38.80959482	0.90969023	345.2870321	45.00960643	21.68961744	0.01	-20.116	0.085006368	4.166	0.877543199	-20.344	2.5616	1.842	6.3335	61.7	88	26.225	1.395	6.58	45.165	-13.62	32.47212647	4.98056981	438.2901432	738	5.783602154	0.989076046	42882
Skidaway2019_Rhizosphere_T6_P2_0-5	196	35	6	2	Rhizosphere	Medium	0-5	Skidaway	2019	31.9744	81.0308	60	0	NA	NA	23.23803407	25.58899209	46.96036261	9.282172333	0.01	80.81594737	30.11466354	14.06715532	0.01	-20.116	0.085006368	4.166	0.877543199	-20.344	2.5616	1.842	6.3335	61.7	88	26.225	1.395	6.58	45.165	-13.62	32.47212647	4.98056981	438.2901432	896	6.133973758	0.995452364	41876
Skidaway2019_Rhizosphere_T7_P1_5-10	197	38	7	1	Rhizosphere	Tall	10-05	Skidaway	2019	31.97367	81.03113	244	0	NA	NA	76.49752775	57.50695826	77.06319068	27.68873656	1.459406489	146.3401817	21.31674158	10.39519201	18.99056949	-19.712	0.407925365	5.608714286	3.607209633	-20	12.9603	5.9676	17.5178	116.8	132	27.1	1.26	7.63	45.17	-13.105	36.38942168	10.08598253	1331.349694	899	5.922242631	0.991066246	45748
Skidaway2019_Rhizosphere_T7_P1_0-5	198	37	7	1	Rhizosphere	Tall	0-5	Skidaway	2019	31.97367	81.03113	244	0	NA	NA	596.2351887	457.2780342	239.574769	0.01	0.829873777	120.9412817	NA	NA	138.9571545	-19.712	0.407925365	5.608714286	3.607209633	-20	12.9603	5.9676	17.5178	116.8	132	27.1	1.26	7.63	45.17	-13.105	36.38942168	10.08598253	1331.349694	890	6.127023324	0.995470444	41821
Skidaway2019_Rhizosphere_T7_P2_5-10	199	40	7	2	Rhizosphere	Medium	10-05	Skidaway	2019	31.97372	81.031	8	88	NA	NA	8.971519753	3.563389384	21.17224288	3.594446483	0.743014696	298.6887859	17.96182596	8.879286155	5.408130369	-16.543	0.215427453	3.158428571	3.649923114	-16.764	4.6075	2.5629	10.1454	46.5	68	28.1	1.215	6.19	45.92	-13.28	37.8313956	3.2805839	223.0797052	804	5.991349809	0.995550393	49788
Skidaway2019_Rhizosphere_T7_P2_0-5	200	39	7	2	Rhizosphere	Medium	0-5	Skidaway	2019	31.97372	81.031	8	88	NA	NA	7.886244182	0.01	12.91603936	7.264383877	0.019580274	1405.646308	15.38899804	6.643795856	8.70785003	-16.543	0.215427453	3.158428571	3.649923114	-16.764	4.6075	2.5629	10.1454	46.5	68	28.1	1.215	6.19	45.92	-13.28	37.8313956	3.2805839	223.0797052	939	6.181842788	0.99576397	50355
Skidaway2019_Rhizosphere_T7_P3_5-10	201	42	7	3	Rhizosphere	Short	10-05	Skidaway	2019	31.97338	81.03055	76	96	NA	NA	7.266665218	3.733680461	47.3517813	17.40749498	0.01	956.4844572	24.60875402	10.31411859	3.532984757	-17.688	0.079772441	1.720142857	1.057485847	-18.329	2.1572	1.7402	4.8019	50.4	156	28.7	0.95	5.54	44.455	-13.6	46.68419511	2.464839804	384.5150094	746	5.834720946	0.994014733	44907
Skidaway2019_Rhizosphere_T7_P3_0-5	202	41	7	3	Rhizosphere	Short	0-5	Skidaway	2019	31.97338	81.03055	76	96	NA	NA	7.537984111	3.880750027	34.5806087	4.840329289	0.01	662.5605036	29.74468717	14.82274012	3.657234084	-17.688	0.079772441	1.720142857	1.057485847	-18.329	2.1572	1.7402	4.8019	50.4	156	28.7	0.95	5.54	44.455	-13.6	46.68419511	2.464839804	384.5150094	1033	6.334123075	0.996388228	47286
Skidaway2019_Rhizosphere_T8_P1_5-10	205	46	8	1	Rhizosphere	Tall	10-05	Skidaway	2019	31.9728	81.0309	160	0	NA	NA	16.1432475	10.54919379	95.91500712	95.00161777	0.075921299	264.7115979	25.01903687	9.636216512	5.594053709	-19.098	0.41558043	5.787571429	3.976466757	-19.386	9.095	3.9419	10.602	128.4	116	26.95	1.39	7.91	44.985	-13.745	34.04579667	11.81216029	1370.210594	1054	6.398046266	0.99695539	47992
Skidaway2019_Rhizosphere_T8_P1_0-5	206	45	8	1	Rhizosphere	Tall	0-5	Skidaway	2019	31.9728	81.0309	160	0	NA	NA	501.8121645	373.9684113	212.585085	0.01	0.645591672	167.7635042	28.47740087	13.35082049	127.8437532	-19.098	0.41558043	5.787571429	3.976466757	-19.386	9.095	3.9419	10.602	128.4	116	26.95	1.39	7.91	44.985	-13.745	34.04579667	11.81216029	1370.210594	881	5.800158747	0.990111575	46231
Skidaway2019_Rhizosphere_T8_P2_5-10	207	48	8	2	Rhizosphere	Medium	10-05	Skidaway	2019	31.9728	81.03062	40	160	NA	NA	17.55653546	0.01	22.68330108	67.35385326	0.01	788.2559412	18.11240159	4.934891953	18.49037861	-16.91	0.138747973	4.188428571	2.187115995	-17.346	3.5139	1.9378	6.328	78.8	88	26.875	0.985	7.335	46.1	-13.755	46.68796012	6.083580551	535.3550884	802	5.956547958	0.995013715	45325
Skidaway2019_Rhizosphere_T8_P2_0-5	208	47	8	2	Rhizosphere	Medium	0-5	Skidaway	2019	31.9728	81.03062	40	160	NA	NA	15.10251682	0.927747943	40.08777864	52.48180438	0.01	929.7976942	23.0606327	8.523287432	14.17476888	-16.91	0.138747973	4.188428571	2.187115995	-17.346	3.5139	1.9378	6.328	78.8	88	26.875	0.985	7.335	46.1	-13.755	46.68796012	6.083580551	535.3550884	914	6.134811735	0.995103551	44985
Skidaway2019_Rhizosphere_T8_P3_5-10	209	50	8	3	Rhizosphere	Short	10-05	Skidaway	2019	31.97283	81.0304	36	80	NA	NA	22.1082136	0.382042447	39.42327714	69.19288462	0.01	843.3764815	25.63790346	7.682157843	21.72617116	-17.54	0.133136555	2.138857143	1.720222148	-18.046	2.4284	2.3138	4.3864	26.6	204	30.15	0.95	5.595	44.125	-13.52	46.88878061	0.734197302	149.7762497	888	5.858357943	0.991906852	52497
Skidaway2019_Rhizosphere_T8_P3_0-5	210	49	8	3	Rhizosphere	Short	0-5	Skidaway	2019	31.97283	81.0304	36	80	NA	NA	17.30951378	4.472898545	45.81341482	45.36131331	0.01	298.4648097	23.93529199	10.85265558	12.83661524	-17.54	0.133136555	2.138857143	1.720222148	-18.046	2.4284	2.3138	4.3864	26.6	204	30.15	0.95	5.595	44.125	-13.52	46.88878061	0.734197302	149.7762497	1010	6.244631934	0.995115862	46144
